PO_ID,ASN_ID,Shipment_Date,Carrier,Quantity_Shipped
PO1496,ASN7759,2025-07-29,Case Group,77
PO1112,ASN8251,2025-07-30,Cooper-Reynolds,74
PO1543,ASN9013,2025-07-19,Sanford Group,54
PO1646,ASN7284,2025-08-04,Moore Group,187
PO1355,ASN5191,2025-08-04,Guzman-Fernandez,77
PO1176,ASN9658,2025-07-18,Mills PLC,76
PO1780,ASN3957,2025-08-12,Wu PLC,70
PO1570,ASN9437,2025-08-08,Downs PLC,200
PO1609,ASN2646,2025-07-24,"Stone, Johnson and Smith",167
PO1670,ASN7908,2025-07-19,Robinson and Sons,127
PO1722,ASN3309,2025-07-25,Hill PLC,199
PO1129,ASN9917,2025-07-27,"Jones, Gibson and Houston",99
PO1071,ASN7953,2025-07-25,Marquez Ltd,197
PO1323,ASN2054,2025-07-28,Garcia and Sons,150
PO1039,ASN2616,2025-08-02,Allen-Nelson,80
PO1338,ASN1469,2025-08-09,"Delgado, Duncan and Sosa",194
PO1612,ASN2002,2025-08-10,Smith and Sons,110
PO1025,ASN7814,2025-08-06,Moss-Mason,77
PO1080,ASN4556,2025-08-04,Miller-Clark,122
PO1048,ASN8204,2025-08-02,Wells Ltd,183
PO1113,ASN5667,2025-08-04,"Davila, Cain and Garcia",72
PO1561,ASN8969,2025-07-21,"Cummings, Crawford and Wood",152
PO1218,ASN3228,2025-08-12,Kline-Savage,153
PO1090,ASN3663,2025-08-02,Cole LLC,53
PO1462,ASN8580,2025-08-06,Lewis-Romero,132
PO1247,ASN1741,2025-08-16,Garner-Lee,179
PO1147,ASN3346,2025-07-18,"Haynes, Peters and Burke",122
PO1269,ASN6724,2025-07-22,Martinez Ltd,173
PO1460,ASN3633,2025-07-31,"Fernandez, Barnes and Anderson",76
PO1788,ASN5691,2025-08-12,"Russell, Short and Brooks",156
PO1262,ASN8539,2025-08-13,Johnson Ltd,49
PO1401,ASN5804,2025-08-01,Harrison-Daniels,181
PO1137,ASN9531,2025-07-25,Sullivan-Stewart,130
PO1001,ASN3973,2025-07-24,Brown-Johnson,84
PO1054,ASN6375,2025-08-01,"Cook, Gomez and Patel",145
PO1465,ASN3895,2025-07-27,"Blackwell, Lee and Carlson",78
PO1043,ASN1570,2025-08-10,"Luna, Robinson and Hendricks",150
PO1109,ASN7434,2025-07-27,Silva LLC,113
PO1750,ASN4457,2025-08-01,Lopez Inc,123
PO1513,ASN9092,2025-07-19,Davis-Bishop,132
PO1227,ASN7945,2025-07-18,Lee Inc,193
PO1317,ASN4569,2025-08-12,Estes Inc,143
PO1708,ASN9298,2025-07-20,Lambert Inc,41
PO1292,ASN3668,2025-08-05,Thompson-Young,58
PO1270,ASN7049,2025-07-20,"Dickerson, Gonzales and Yoder",171
PO1272,ASN5323,2025-08-08,Davis-Cook,125
PO1790,ASN4188,2025-07-19,Sanchez Ltd,134
PO1343,ASN7002,2025-07-22,Aguirre-Guzman,158
PO1386,ASN9653,2025-07-25,Gonzales-Flores,199
PO1055,ASN8136,2025-07-27,Liu-Collins,125
PO1031,ASN5785,2025-07-21,Martin-Shaw,145
PO1385,ASN2357,2025-07-29,Murphy Ltd,105
PO1204,ASN4798,2025-07-21,Smith Ltd,53
PO1436,ASN4544,2025-07-24,Sullivan-Davis,181
PO1718,ASN1973,2025-08-12,Barton PLC,199
PO1165,ASN7412,2025-07-31,Frost Ltd,54
PO1160,ASN6937,2025-08-07,"Williams, Holmes and Austin",177
PO1055,ASN2921,2025-08-02,"Shaw, Wright and Miller",75
PO1218,ASN9819,2025-07-30,"Meza, Thomas and Walter",158
PO1546,ASN4924,2025-08-11,"Mckinney, Hopkins and Christian",115
PO1227,ASN6688,2025-07-24,Andrade-Perry,194
PO1125,ASN5044,2025-07-23,"Gates, Conner and Wilson",95
PO1625,ASN2574,2025-08-14,Haney-Morgan,85
PO1596,ASN8849,2025-08-03,Case-Johnson,140
PO1703,ASN2768,2025-07-20,"Anderson, Lawson and Lewis",173
PO1359,ASN6832,2025-07-28,Moore LLC,144
PO1762,ASN3748,2025-07-25,"Singh, Walker and Brown",162
PO1785,ASN4692,2025-08-11,Stewart-Phillips,134
PO1596,ASN4139,2025-08-01,Griffin-Chavez,148
PO1231,ASN7373,2025-08-06,Wilson and Sons,108
PO1639,ASN6362,2025-07-25,Brown-Jordan,65
PO1254,ASN6006,2025-08-13,Mcneil-Mason,111
PO1215,ASN3802,2025-08-08,"Henson, Turner and Taylor",136
PO1667,ASN7462,2025-08-11,Collins-Simpson,155
PO1373,ASN7728,2025-07-24,"Waters, Smith and Russell",70
PO1359,ASN3698,2025-08-08,Hardin Inc,83
PO1349,ASN4678,2025-07-28,Tran and Sons,106
PO1437,ASN1541,2025-07-22,Burnett-Crawford,105
PO1125,ASN7952,2025-08-01,"Cardenas, Berg and Powell",164
PO1120,ASN2802,2025-08-11,"Duran, Wheeler and Bender",127
PO1245,ASN5841,2025-08-02,Arroyo Ltd,192
PO1801,ASN9748,2025-07-22,"Marquez, Nelson and Cruz",161
PO1755,ASN7844,2025-08-14,Proctor LLC,46
PO1243,ASN8639,2025-08-03,Horne-Munoz,185
PO1150,ASN2248,2025-08-01,Rodriguez-Collins,41
PO1351,ASN3188,2025-08-16,Garcia-Reed,99
PO1116,ASN3308,2025-08-01,Russell Ltd,43
PO1657,ASN1145,2025-08-13,Gallegos PLC,160
PO1019,ASN7656,2025-07-19,Carlson-Johnson,75
PO1071,ASN8538,2025-07-20,Christian-Lewis,106
PO1264,ASN8410,2025-08-06,"Meyer, Peters and Brewer",146
PO1043,ASN3909,2025-08-12,"Castaneda, Carlson and Cooper",151
PO1694,ASN1787,2025-07-30,Craig Group,179
PO1462,ASN1218,2025-07-21,Brown-Rivera,40
PO1357,ASN6357,2025-08-03,Vasquez Inc,109
PO1129,ASN2950,2025-07-28,"Scott, Wilson and Rangel",124
PO1162,ASN6190,2025-07-19,Underwood-Williams,128
PO1784,ASN1161,2025-08-08,Hess LLC,96
PO1661,ASN5998,2025-08-03,Craig-Russell,81
PO1077,ASN5977,2025-08-16,Browning Group,59
PO1384,ASN2037,2025-07-18,Diaz Group,169
PO1187,ASN5910,2025-08-14,Tate-Dunn,72
PO1458,ASN4702,2025-08-16,"Lambert, Levine and Rocha",106
PO1581,ASN8420,2025-07-21,"Thompson, Farmer and Willis",43
PO1548,ASN5698,2025-08-08,Cook Ltd,118
PO1379,ASN9549,2025-08-06,Stone-Jones,92
PO1137,ASN8320,2025-08-05,Oneill-Mclaughlin,43
PO1078,ASN5055,2025-08-16,Jimenez Group,57
PO1594,ASN9556,2025-07-22,"Beasley, Jones and Warren",42
PO1672,ASN7734,2025-07-18,"Young, Thompson and Steele",196
PO1055,ASN6515,2025-07-22,Miller-Davis,71
PO1404,ASN8296,2025-07-25,Anderson Inc,118
PO1214,ASN1211,2025-07-26,Yates-Lewis,114
PO1508,ASN4932,2025-08-13,Porter-Walls,157
PO1136,ASN3087,2025-07-30,Mosley Inc,120
PO1045,ASN5681,2025-08-08,Collins-Mayo,58
PO1790,ASN4944,2025-07-19,Roberts Ltd,172
PO1795,ASN4445,2025-08-11,"Hicks, Anderson and Lopez",176
PO1059,ASN7119,2025-07-28,"Haney, Bennett and Lozano",184
PO1646,ASN6692,2025-08-10,Owens Ltd,113
PO1288,ASN8669,2025-08-08,Gibbs-Leach,61
PO1112,ASN8188,2025-07-21,Robertson PLC,100
PO1646,ASN6545,2025-08-03,Garcia-Solis,130
PO1672,ASN5438,2025-07-22,Webb-Park,135
PO1552,ASN7508,2025-08-03,Thompson PLC,70
PO1795,ASN8391,2025-08-14,"Jackson, Nichols and Marquez",68
PO1671,ASN3620,2025-07-18,"Johnson, Willis and Russo",61
PO1794,ASN5804,2025-07-25,Hart Inc,103
PO1173,ASN1891,2025-07-19,"Cowan, Mason and Smith",140
PO1663,ASN9896,2025-07-29,"Edwards, Carpenter and Young",107
PO1804,ASN5856,2025-08-05,Silva-Nunez,198
PO1729,ASN5229,2025-08-05,Rangel LLC,153
PO1433,ASN6854,2025-07-22,"Davis, Lewis and Holland",90
PO1167,ASN6981,2025-07-22,English Group,61
PO1524,ASN2897,2025-08-08,"Pitts, Mccormick and Wolf",144
PO1088,ASN9958,2025-08-02,Cabrera PLC,52
PO1468,ASN8211,2025-07-27,Martin-Richards,179
PO1678,ASN8163,2025-07-19,Hoffman-Wilson,184
PO1274,ASN3151,2025-08-14,"Schwartz, Casey and Stewart",96
PO1180,ASN9481,2025-07-20,"Lee, Harris and Wells",169
PO1026,ASN2446,2025-08-16,Harris Group,70
PO1529,ASN5365,2025-08-03,"Jones, Ruiz and Lawrence",42
PO1630,ASN2209,2025-07-18,Rivera and Sons,170
PO1443,ASN4870,2025-08-01,Huff-Shea,115
PO1417,ASN8948,2025-08-08,Burnett LLC,42
PO1100,ASN7916,2025-07-31,Johnson-Stuart,96
PO1370,ASN2502,2025-07-27,Bailey-Poole,73
PO1508,ASN5011,2025-07-29,Madden-Valdez,191
PO1388,ASN7370,2025-08-14,"Carpenter, Hanson and Hernandez",68
PO1655,ASN5350,2025-08-04,Martin-Robles,43
PO1304,ASN3824,2025-08-14,Hurst Inc,160
PO1311,ASN9559,2025-07-23,Young-Owen,173
PO1055,ASN4883,2025-08-14,Adams-Fritz,149
PO1605,ASN4372,2025-07-29,Gardner PLC,79
PO1377,ASN6473,2025-08-15,"Romero, Blackburn and Rogers",161
PO1759,ASN9607,2025-08-06,"Gibson, Singh and Valenzuela",85
PO1654,ASN3447,2025-08-12,White PLC,162
PO1180,ASN9335,2025-08-10,Tucker Ltd,95
PO1289,ASN7232,2025-07-30,Wallace-Hernandez,67
PO1763,ASN9062,2025-08-04,Schroeder and Sons,79
PO1241,ASN4992,2025-08-01,Tran PLC,114
PO1232,ASN8097,2025-07-31,Miller LLC,109
PO1360,ASN9475,2025-08-07,"Ramirez, English and Johnston",119
PO1154,ASN9462,2025-07-25,Wells-Black,94
PO1098,ASN1762,2025-07-21,Williams-Taylor,150
PO1751,ASN9156,2025-08-02,Sanders Ltd,107
PO1479,ASN6387,2025-08-16,Robinson-Campbell,56
PO1291,ASN2019,2025-07-22,"Adams, King and Riggs",45
PO1242,ASN5277,2025-07-27,"Thornton, Lewis and Patterson",198
PO1127,ASN9714,2025-08-11,Turner Group,175
PO1691,ASN2767,2025-08-02,"Santos, Mendez and Powell",95
PO1168,ASN5235,2025-08-10,Hunter LLC,161
PO1739,ASN7387,2025-08-02,Black-Williams,130
PO1675,ASN2816,2025-08-05,Patel-Gilbert,175
PO1309,ASN7992,2025-07-25,"Williams, Weaver and Smith",181
PO1626,ASN7584,2025-08-14,"Smith, Thompson and Wood",81
PO1118,ASN1266,2025-08-16,Barry-Wu,132
PO1447,ASN3946,2025-08-03,Jenkins-Ward,132
PO1247,ASN3041,2025-08-07,"Oliver, Cline and Brown",175
PO1368,ASN8207,2025-08-03,"Smith, Bailey and Perez",194
PO1568,ASN9249,2025-07-27,Carter Group,143
PO1237,ASN9445,2025-07-23,Owen-Moon,87
PO1659,ASN4299,2025-08-03,"Hutchinson, Robbins and Davidson",196
PO1007,ASN2570,2025-07-31,Burke-White,76
PO1661,ASN7027,2025-07-23,"Smith, Roman and Lara",55
PO1389,ASN9792,2025-08-01,"Lyons, Perez and Wells",153
PO1418,ASN6403,2025-07-26,"Gallagher, Trevino and Shelton",157
PO1433,ASN9206,2025-07-21,"Cooper, Hernandez and Duncan",178
PO1643,ASN9012,2025-08-02,Coleman Ltd,82
PO1319,ASN4745,2025-08-05,"Hess, Johnson and Gomez",127
PO1338,ASN4575,2025-07-30,Phillips Ltd,161
PO1506,ASN8058,2025-08-05,"Jenkins, Duncan and Chavez",156
PO1585,ASN7343,2025-08-13,"Wall, Villanueva and Martin",145
PO1501,ASN1422,2025-08-01,Simmons Group,55
PO1573,ASN9562,2025-07-29,Chen Inc,136
PO1338,ASN8193,2025-08-10,Ryan-Moore,152
PO1078,ASN3488,2025-07-29,"Gutierrez, Gonzalez and Martinez",59
PO1378,ASN9736,2025-08-12,Kirk Inc,152
PO1326,ASN5294,2025-08-10,Garner LLC,164
PO1572,ASN6213,2025-07-21,"Miles, Holmes and Richmond",181
PO1539,ASN4483,2025-07-29,"Carpenter, Allen and Chapman",194
PO1673,ASN9559,2025-08-03,"Palmer, Ramsey and Clay",123
PO1383,ASN9991,2025-08-16,Weaver LLC,63
PO1091,ASN1111,2025-07-26,Escobar Inc,183
PO1772,ASN6533,2025-07-20,"Hicks, Perez and Mason",176
PO1347,ASN9419,2025-07-26,Bryant-Boyd,191
PO1287,ASN3754,2025-08-12,Shelton-Garcia,46
PO1021,ASN4683,2025-08-04,Garrett-Hughes,103
PO1043,ASN7581,2025-08-04,"Patterson, Herrera and Cross",111
PO1568,ASN4242,2025-07-26,"Sanchez, Hardin and Jones",104
PO1038,ASN7031,2025-08-15,Gray PLC,167
PO1665,ASN8906,2025-07-20,"Washington, Lloyd and Dominguez",182
PO1518,ASN1335,2025-08-01,"Rodgers, Carter and Diaz",71
PO1105,ASN3023,2025-07-28,Brock-Johnson,132
PO1753,ASN9388,2025-07-18,"Ware, Davidson and Anderson",151
PO1121,ASN8406,2025-08-09,Hernandez Ltd,43
PO1655,ASN8364,2025-08-04,Rodriguez-Davis,42
PO1099,ASN5729,2025-08-16,"Watson, Greene and Huff",66
PO1153,ASN4410,2025-07-26,"Maynard, Carr and Solis",137
PO1720,ASN3730,2025-07-26,Jenkins-Harmon,51
PO1133,ASN2404,2025-08-05,Barnes Inc,112
PO1685,ASN6570,2025-08-10,Kennedy-King,130
PO1161,ASN4463,2025-07-24,"Hill, Johnston and Martinez",105
PO1369,ASN4709,2025-07-27,Mccarty-Parker,99
PO1083,ASN4272,2025-08-06,"Beck, Cruz and Brown",84
PO1782,ASN1892,2025-08-02,Dunn-Fitzgerald,190
PO1292,ASN9196,2025-08-16,Lee-Alexander,83
PO1624,ASN8683,2025-07-27,Price-Baker,170
PO1645,ASN2677,2025-08-02,Garcia Ltd,178
PO1672,ASN5101,2025-07-28,Stephens PLC,102
PO1771,ASN8507,2025-07-27,"Garcia, Cunningham and Duran",110
PO1326,ASN6846,2025-07-23,Jackson-Johnson,46
PO1805,ASN2940,2025-07-18,"Mcguire, Sexton and Davis",188
PO1336,ASN4017,2025-07-31,"Ramsey, Roy and Palmer",194
PO1639,ASN9988,2025-07-18,Hill-Herrera,139
PO1129,ASN2991,2025-07-24,Reese-Hall,67
PO1401,ASN7866,2025-08-12,"Patton, Higgins and Summers",148
PO1169,ASN4332,2025-07-31,Walsh PLC,146
PO1061,ASN6447,2025-08-03,"Smith, Wood and Joseph",92
PO1400,ASN5561,2025-07-23,Roberson Ltd,158
PO1523,ASN5447,2025-08-09,"Rivas, Daniels and Martinez",197
PO1237,ASN5057,2025-08-15,Jacobson-Floyd,142
PO1412,ASN6841,2025-07-27,Adams Inc,198
PO1697,ASN6545,2025-07-22,"Christensen, Morris and Simmons",153
PO1164,ASN1929,2025-07-23,"Henderson, Moss and Bailey",112
PO1412,ASN1036,2025-08-13,Medina-Thompson,105
PO1633,ASN9840,2025-07-20,Malone Ltd,109
PO1609,ASN6594,2025-08-07,Hubbard-Arnold,56
PO1298,ASN3642,2025-07-20,Cummings-Scott,91
PO1371,ASN8937,2025-08-05,Carrillo-Meadows,46
PO1706,ASN2072,2025-08-04,"Monroe, Nelson and Lee",175
PO1018,ASN6604,2025-07-24,Brown-Lewis,149
PO1459,ASN1966,2025-08-14,Clark and Sons,160
PO1268,ASN2530,2025-08-02,"Ramirez, Scott and Pennington",178
PO1081,ASN5141,2025-08-06,"Gomez, James and Allen",196
PO1213,ASN9011,2025-07-22,Jones and Sons,64
PO1052,ASN1848,2025-08-12,"Burns, Johnson and Reese",92
PO1751,ASN1821,2025-08-15,Gutierrez-Gomez,104
PO1746,ASN8560,2025-08-06,"Ramirez, Davis and Wade",193
PO1739,ASN2335,2025-08-16,White-Guzman,182
PO1603,ASN6595,2025-08-10,Vargas Ltd,50
PO1462,ASN6809,2025-08-03,"Odom, Townsend and Bailey",161
PO1530,ASN6010,2025-08-05,Robinson-Hicks,95
PO1671,ASN5990,2025-07-31,Knapp LLC,41
PO1155,ASN3230,2025-08-13,"Thomas, Garcia and Price",82
PO1235,ASN2052,2025-08-06,"Cox, Wise and Case",143
PO1037,ASN2160,2025-08-03,Simpson Group,71
PO1633,ASN7892,2025-08-16,Flores and Sons,103
PO1466,ASN3386,2025-08-13,"Brown, Burke and Estrada",163
PO1796,ASN7812,2025-08-15,"Kelly, Zavala and Powell",166
PO1093,ASN5320,2025-08-10,Miller Ltd,46
PO1744,ASN2849,2025-08-08,"Martin, Lucero and Fernandez",153
PO1466,ASN1199,2025-08-11,Webb-Peterson,137
PO1431,ASN7784,2025-07-27,Morgan Group,55
PO1463,ASN6668,2025-07-27,"Washington, Brown and Jones",57
PO1585,ASN3109,2025-07-29,Hernandez-Serrano,186
PO1017,ASN2962,2025-08-01,Morrow Inc,46
PO1506,ASN5667,2025-08-10,"Riggs, Pacheco and Francis",86
PO1273,ASN3098,2025-07-28,"Boyle, Bowman and Smith",117
PO1712,ASN5335,2025-07-23,Miller and Sons,167
PO1418,ASN7595,2025-08-02,Jones-Alexander,145
PO1772,ASN8606,2025-07-27,Jensen Group,193
PO1563,ASN1199,2025-08-03,"Riley, Schmidt and Conner",144
PO1161,ASN9391,2025-08-07,Nguyen-Arnold,74
PO1807,ASN4181,2025-08-14,Reyes LLC,159
PO1271,ASN1468,2025-08-03,"Donaldson, Butler and Krause",198
PO1371,ASN3462,2025-08-06,"Gomez, Sims and Barron",128
PO1260,ASN6172,2025-08-10,Simpson and Sons,51
PO1511,ASN5680,2025-08-14,"Bell, Valdez and Edwards",180
PO1066,ASN3231,2025-08-12,Schmidt-Martin,196
PO1494,ASN9859,2025-07-18,Smith LLC,91
PO1703,ASN7134,2025-08-05,Phillips LLC,51
PO1051,ASN8291,2025-08-03,Gray-Parker,156
PO1710,ASN6581,2025-07-31,"Fisher, Johnson and Boyd",48
PO1357,ASN8761,2025-07-22,Turner LLC,148
PO1040,ASN9322,2025-07-21,Salazar-Schneider,185
PO1766,ASN9077,2025-08-05,"Lewis, Brandt and Walters",57
PO1683,ASN9143,2025-08-15,"Lynn, Green and Estes",176
PO1716,ASN9974,2025-08-12,"Martinez, Morrison and Hansen",123
PO1741,ASN7858,2025-07-18,"Figueroa, Jones and Pollard",150
PO1641,ASN2191,2025-08-02,Fox Inc,50
PO1770,ASN6029,2025-07-27,Rodriguez and Sons,101
PO1472,ASN7526,2025-08-11,Johnson Inc,139
PO1167,ASN1829,2025-08-12,"Maddox, Mcclure and Williamson",182
PO1759,ASN3208,2025-07-23,"Davis, Zavala and Meza",74
PO1367,ASN3872,2025-08-14,"Franklin, Burgess and Farrell",55
PO1468,ASN2553,2025-07-18,"Diaz, Dean and Barrera",167
PO1599,ASN2806,2025-08-03,Montoya LLC,156
PO1065,ASN3739,2025-08-05,Casey LLC,171
PO1445,ASN3461,2025-07-24,"Jefferson, Hoffman and Moss",159
PO1649,ASN8821,2025-08-09,Carroll Inc,145
PO1771,ASN9542,2025-08-12,"Miller, Simpson and Harrison",175
PO1801,ASN2463,2025-08-11,Wright-Pierce,145
PO1687,ASN2911,2025-07-26,Harrell Inc,163
PO1782,ASN8617,2025-07-24,"Curtis, Young and Gardner",93
PO1437,ASN9504,2025-08-14,White-Mcgee,138
PO1400,ASN7529,2025-07-23,Case-Livingston,150
PO1481,ASN8011,2025-07-19,Warner Inc,180
PO1659,ASN7042,2025-08-01,Ellis-Erickson,48
PO1650,ASN6025,2025-08-04,Higgins-Evans,189
PO1037,ASN7784,2025-07-20,"Sharp, Pearson and Patterson",43
PO1006,ASN8579,2025-07-29,Lee-Gonzalez,122
PO1344,ASN7160,2025-08-14,"Wright, Bell and Nguyen",45
PO1607,ASN4991,2025-07-22,"Richard, Romero and Todd",195
PO1750,ASN5926,2025-07-29,Collins-Tran,76
PO1156,ASN3394,2025-08-16,Lopez-Garcia,89
PO1566,ASN6113,2025-07-31,"Zimmerman, Morris and Cruz",194
PO1769,ASN3583,2025-08-10,"Martin, Harris and Sanchez",128
PO1031,ASN4634,2025-08-15,Cummings-Ward,78
PO1090,ASN8294,2025-08-12,Powell-Mills,171
PO1237,ASN9233,2025-08-13,Evans-Bell,134
PO1375,ASN9276,2025-08-08,Leonard Ltd,156
PO1594,ASN1477,2025-07-18,Mcdonald PLC,125
PO1075,ASN3457,2025-08-06,Walters-Campos,83
PO1574,ASN9105,2025-08-14,Thomas PLC,58
PO1274,ASN1434,2025-08-05,Lynn Inc,109
PO1141,ASN4135,2025-07-18,Jenkins Inc,122
PO1115,ASN2734,2025-08-14,"Pearson, Rodriguez and Leonard",44
PO1450,ASN4569,2025-08-13,Ford-Thomas,166
PO1124,ASN7174,2025-08-16,Dalton-Cook,54
PO1561,ASN7971,2025-07-18,"Santiago, Sanchez and Miller",160
PO1219,ASN3560,2025-08-16,"Torres, Mays and Villanueva",91
PO1671,ASN9969,2025-07-23,"Peterson, Stevenson and Jones",141
PO1078,ASN1905,2025-07-28,"Cardenas, Herrera and Robinson",163
PO1214,ASN8304,2025-07-31,Burns Inc,196
PO1685,ASN9888,2025-08-10,Carey-Burns,193
PO1067,ASN6880,2025-08-05,Steele-Smith,86
PO1016,ASN3013,2025-08-15,Carr-Davis,197
PO1493,ASN4257,2025-08-12,Craig Ltd,146
PO1038,ASN6447,2025-08-13,"Phelps, Farmer and Henry",198
PO1313,ASN9221,2025-07-28,"Davis, Hughes and Craig",74
PO1382,ASN1342,2025-07-27,Shepard-Gay,65
PO1450,ASN2205,2025-08-08,"Martinez, Bautista and Coleman",87
PO1225,ASN1984,2025-07-22,"Valdez, Walker and Haas",60
PO1130,ASN3441,2025-07-27,Cunningham Inc,48
PO1800,ASN9923,2025-08-09,"Lopez, Gonzalez and Cooper",45
PO1764,ASN9000,2025-08-14,Brown-Hull,156
PO1383,ASN7635,2025-07-26,Johnson-Williams,186
PO1311,ASN1781,2025-07-19,Fisher Inc,156
PO1610,ASN5014,2025-07-26,Smith-Bailey,158
PO1407,ASN1779,2025-07-23,"Bryan, Dennis and Hill",192
PO1666,ASN7115,2025-07-27,"West, Simpson and Lowery",104
PO1111,ASN1151,2025-08-01,"Perez, Roach and Hayes",89
PO1668,ASN9810,2025-07-28,Hansen Inc,89
PO1738,ASN9167,2025-07-23,Harris-Hunter,100
PO1531,ASN5004,2025-08-12,Duke-Mayo,193
PO1127,ASN8505,2025-08-14,"Phillips, Powers and Johnson",133
PO1092,ASN6756,2025-07-19,"Young, Gonzalez and Rowe",105
PO1446,ASN7737,2025-07-20,"Blair, Leonard and Neal",195
PO1585,ASN8564,2025-08-14,"West, Washington and Smith",60
PO1559,ASN7575,2025-08-04,James-Gould,175
PO1328,ASN4661,2025-08-08,"Jackson, Chapman and Knapp",123
PO1515,ASN5171,2025-08-11,Rojas and Sons,162
PO1393,ASN2774,2025-08-16,Rojas-Waller,186
PO1160,ASN4256,2025-08-12,Norris-Castillo,76
PO1326,ASN1344,2025-08-06,Fuller-Gonzalez,136
PO1655,ASN2399,2025-08-14,Davis-Durham,145
PO1556,ASN5923,2025-07-20,Lawrence Group,90
PO1631,ASN5875,2025-07-25,Miller and Sons,131
PO1474,ASN9111,2025-08-03,Roth and Sons,68
PO1044,ASN8884,2025-07-25,Long-Johnston,56
PO1007,ASN3584,2025-07-28,Phillips LLC,135
PO1743,ASN8376,2025-08-09,Davis LLC,168
PO1718,ASN4256,2025-08-09,"Braun, Harris and Webb",160
PO1731,ASN3394,2025-08-02,Jordan-Pearson,165
PO1345,ASN2619,2025-08-11,Smith LLC,41
PO1385,ASN5087,2025-08-07,Curry PLC,190
PO1779,ASN8784,2025-08-16,Miranda Ltd,182
PO1000,ASN1574,2025-08-03,Carr LLC,133
PO1795,ASN4634,2025-08-04,"Thompson, Galloway and Nunez",81
PO1156,ASN1429,2025-07-23,Harris-Vance,140
PO1207,ASN1146,2025-07-28,"Johnston, Cohen and Peters",158
PO1788,ASN5240,2025-08-13,Perez LLC,50
PO1608,ASN1024,2025-08-15,Juarez-Foster,159
PO1319,ASN7989,2025-07-19,Hanna Ltd,141
PO1296,ASN6924,2025-08-06,Terry Group,149
PO1420,ASN9961,2025-07-29,Bishop-Contreras,69
PO1571,ASN6848,2025-07-18,Roberson Ltd,171
PO1524,ASN8241,2025-08-05,"Lopez, Miller and Howard",200
PO1684,ASN5120,2025-08-03,Wagner LLC,173
PO1072,ASN5631,2025-08-01,"Bell, Rose and Lindsey",70
PO1793,ASN1332,2025-07-30,Rosario LLC,147
PO1314,ASN5461,2025-08-14,Allen LLC,160
PO1646,ASN3030,2025-08-12,Kelley Ltd,49
PO1288,ASN3803,2025-08-03,Webb PLC,180
PO1259,ASN1736,2025-08-16,"Ballard, Martinez and Murphy",62
PO1071,ASN2281,2025-08-16,"Jimenez, Jensen and Edwards",194
PO1607,ASN3438,2025-07-30,"Lam, Stewart and Thomas",65
PO1672,ASN4888,2025-08-12,"Jones, Cooper and Jones",103
PO1683,ASN3093,2025-08-09,"Hudson, Taylor and Olson",72
PO1314,ASN4717,2025-07-26,"Kelly, Horne and Gutierrez",189
PO1574,ASN4025,2025-08-10,"Thompson, Dyer and Daniel",184
PO1475,ASN5510,2025-08-14,"Norman, Franco and Alexander",100
PO1267,ASN6900,2025-07-20,Armstrong-Charles,76
PO1260,ASN8180,2025-08-16,"Perez, Pope and White",198
PO1122,ASN2041,2025-07-20,Pierce PLC,196
PO1050,ASN6083,2025-07-30,Smith-Williams,184
PO1196,ASN5123,2025-07-31,"Knapp, Johnson and Hernandez",178
PO1086,ASN4452,2025-08-10,Mitchell and Sons,82
PO1645,ASN2932,2025-08-03,"Young, Valenzuela and Davis",179
PO1423,ASN3739,2025-07-21,Snow and Sons,88
PO1206,ASN5365,2025-07-26,"Nguyen, Bailey and Singleton",199
PO1319,ASN7329,2025-07-19,Johnson-Jones,96
PO1525,ASN5746,2025-08-16,Morris PLC,44
PO1496,ASN4338,2025-07-28,"Hurst, Wood and Simmons",77
PO1661,ASN1649,2025-08-07,Hanna Ltd,51
PO1178,ASN7523,2025-08-11,Lopez Inc,76
PO1307,ASN7076,2025-07-30,"Arnold, Green and Frazier",146
PO1436,ASN3862,2025-07-23,Becker LLC,185
PO1587,ASN4184,2025-08-09,"Kennedy, Williams and Cooper",130
PO1374,ASN1863,2025-08-01,Moore and Sons,178
PO1724,ASN9559,2025-08-03,"Smith, Rios and Gregory",48
PO1687,ASN9844,2025-07-24,"Thompson, Dennis and Lynch",180
PO1362,ASN3106,2025-08-07,"Osborne, Guerra and Torres",177
PO1149,ASN5186,2025-08-02,Holt-Cox,162
PO1271,ASN9509,2025-07-23,Gonzalez Ltd,102
PO1749,ASN6059,2025-07-20,"Adams, Lee and Hull",174
PO1783,ASN3772,2025-08-10,Faulkner-Flores,155
PO1431,ASN3029,2025-08-07,"Thompson, Williams and Peterson",184
PO1718,ASN7044,2025-08-02,Smith Group,175
PO1191,ASN4543,2025-07-31,Olsen Group,168
PO1473,ASN6225,2025-08-16,Daniels-Ray,148
PO1493,ASN7522,2025-08-10,Roberts-Powell,156
PO1580,ASN7337,2025-07-28,"Gordon, Joyce and Perry",183
PO1666,ASN9949,2025-07-29,"Mitchell, Mccoy and Daniels",134
PO1384,ASN7638,2025-07-21,Day-Montgomery,58
PO1237,ASN2182,2025-08-03,Wolf PLC,153
PO1051,ASN3171,2025-07-24,"Kim, Matthews and Ryan",146
PO1314,ASN6708,2025-08-09,"Cohen, Patel and White",97
PO1602,ASN7248,2025-08-05,Shields-Strickland,49
PO1646,ASN2555,2025-08-12,Robinson-Holden,135
PO1593,ASN4535,2025-08-15,Lewis and Sons,142
PO1413,ASN2361,2025-08-03,Reeves Inc,137
PO1492,ASN5675,2025-08-07,Williams-Parker,50
PO1795,ASN4773,2025-08-11,"Franklin, Adams and Hendrix",164
PO1643,ASN7861,2025-07-22,Hoffman-Barnett,98
PO1705,ASN5342,2025-07-26,Blackburn Ltd,184
PO1446,ASN2286,2025-08-05,Velazquez-Gross,77
PO1379,ASN3696,2025-08-05,Perry Ltd,76
PO1438,ASN5257,2025-07-26,Palmer-Collier,94
PO1396,ASN3333,2025-07-29,"Gibson, Kelly and Cox",61
PO1680,ASN2938,2025-07-24,Miller-Rivera,158
PO1643,ASN6052,2025-07-31,"Pena, Allen and Sanford",193
PO1533,ASN3478,2025-08-06,"Hebert, Rodriguez and Hines",147
PO1420,ASN9376,2025-08-06,"Watts, Copeland and Holland",190
PO1592,ASN4698,2025-08-08,Wagner-Mcdaniel,68
PO1047,ASN2902,2025-07-21,Wilson-Smith,101
PO1262,ASN4172,2025-08-08,"Cuevas, Miller and Richardson",94
PO1745,ASN3347,2025-07-30,Wells LLC,60
PO1532,ASN5870,2025-07-21,Waters-Wallace,68
PO1710,ASN9224,2025-07-26,"Smith, Jensen and Warren",73
PO1474,ASN8877,2025-08-01,Russell-Perez,101
PO1147,ASN1338,2025-07-22,"Hernandez, Collins and Ferguson",49
PO1573,ASN1891,2025-08-15,"Wheeler, Gay and Anderson",194
PO1290,ASN3104,2025-07-25,Butler Group,75
PO1617,ASN9533,2025-07-23,Brown-Ryan,57
PO1632,ASN3522,2025-08-06,"Johnson, Anderson and Reed",60
PO1149,ASN2550,2025-08-03,"Barber, Chase and Young",117
PO1728,ASN3722,2025-08-14,"Banks, Moss and Rodriguez",199
PO1742,ASN6245,2025-07-26,Moore-Perez,70
PO1197,ASN9919,2025-08-13,"Dean, Sawyer and Henry",87
PO1483,ASN8290,2025-08-15,"Castillo, Freeman and Davis",106
PO1621,ASN6687,2025-08-09,Richards-Jackson,84
PO1155,ASN8086,2025-07-21,"Anthony, Davis and Cameron",110
PO1100,ASN4881,2025-07-28,King Inc,48
PO1242,ASN2795,2025-08-13,Lester Inc,75
PO1168,ASN4026,2025-08-01,Martin and Sons,82
PO1100,ASN2701,2025-08-06,"Bender, Foster and Dean",99
PO1537,ASN3912,2025-07-28,"Brown, Mclaughlin and Schneider",191
PO1613,ASN8477,2025-07-31,Nicholson-Banks,102
PO1649,ASN6805,2025-07-18,Martinez and Sons,144
PO1335,ASN9601,2025-08-13,Doyle-Fields,51
PO1107,ASN3151,2025-08-10,Lane LLC,87
PO1282,ASN8660,2025-08-13,"Proctor, Lee and Tran",173
PO1106,ASN3041,2025-07-31,Kirby Group,155
PO1358,ASN9529,2025-07-26,Alvarado LLC,90
PO1225,ASN4694,2025-08-09,"Peterson, Larson and Martinez",180
PO1271,ASN4591,2025-08-01,Estes Ltd,190
PO1488,ASN9752,2025-07-18,"Rogers, Hernandez and Moore",171
PO1283,ASN4844,2025-07-29,Welch-Griffin,64
PO1641,ASN5351,2025-08-14,Gardner-Dickerson,130
PO1342,ASN6922,2025-07-28,"Tapia, Nash and Sherman",138
PO1266,ASN7926,2025-07-21,"Flores, Sandoval and Olson",43
PO1028,ASN4533,2025-08-06,Moran-Lewis,133
PO1152,ASN8775,2025-07-20,"Lewis, Valencia and Park",94
PO1387,ASN1304,2025-08-11,Williams and Sons,71
PO1064,ASN3400,2025-08-03,Manning-Owens,172
PO1002,ASN9001,2025-08-13,Ross Inc,126
PO1135,ASN4739,2025-08-07,Horn PLC,148
PO1273,ASN8256,2025-08-05,"Henry, Johnson and Elliott",168
PO1515,ASN4369,2025-07-26,Soto-Watkins,182
PO1750,ASN8425,2025-08-12,Hartman and Sons,80
PO1059,ASN3962,2025-07-19,Ward PLC,132
PO1321,ASN1116,2025-07-27,Wilson and Sons,68
PO1788,ASN3109,2025-07-20,"Thomas, Jackson and Ortiz",197
PO1401,ASN7350,2025-08-13,Medina LLC,67
PO1438,ASN6696,2025-07-24,Williams PLC,120
PO1748,ASN6090,2025-07-29,Walters-Curtis,137
PO1480,ASN6791,2025-08-01,Calhoun Ltd,182
PO1656,ASN7186,2025-08-09,"Smith, Ayers and Leonard",100
PO1359,ASN5510,2025-08-02,Lawson LLC,134
PO1110,ASN8643,2025-08-12,Lewis and Sons,92
PO1287,ASN6620,2025-07-18,White-Owens,101
PO1061,ASN2346,2025-08-15,Castaneda Inc,82
PO1371,ASN1951,2025-07-21,Simmons-Joseph,191
PO1262,ASN2442,2025-08-05,Banks Inc,59
PO1647,ASN3698,2025-08-14,Sanchez Inc,137
PO1192,ASN6452,2025-08-15,Benton-Bass,198
PO1406,ASN4163,2025-08-01,Torres-Hernandez,199
PO1392,ASN1136,2025-08-13,"Aguilar, Travis and Walters",57
PO1354,ASN3884,2025-08-11,"Riley, Terry and Lambert",200
PO1571,ASN7916,2025-08-08,Boyd PLC,161
PO1686,ASN5920,2025-08-09,Jones-Evans,183
PO1217,ASN8542,2025-07-31,Guzman-Martin,51
PO1807,ASN5120,2025-08-05,Rowe Inc,66
PO1176,ASN1176,2025-07-22,Harris LLC,139
PO1487,ASN8965,2025-08-13,Huff Group,147
PO1187,ASN2765,2025-08-07,"Matthews, Martin and Clark",152
PO1642,ASN9010,2025-07-31,"Smith, Ibarra and Smith",112
PO1604,ASN7901,2025-07-29,Allen Group,63
PO1115,ASN9709,2025-08-07,Vargas-James,177
PO1681,ASN5017,2025-08-16,"Gonzalez, Goodman and Ayers",75
PO1273,ASN3586,2025-08-08,"Fowler, Lee and Smith",44
PO1756,ASN8281,2025-08-13,Johnson Group,150
PO1246,ASN6738,2025-07-25,Morris Group,59
PO1070,ASN9127,2025-08-14,Tran-Mcfarland,62
PO1506,ASN9965,2025-08-02,Orozco-Floyd,175
PO1034,ASN6002,2025-07-30,Fletcher-Rivera,91
PO1479,ASN7881,2025-08-10,Robinson-Miller,153
PO1005,ASN7782,2025-07-28,Ellis PLC,175
PO1076,ASN2742,2025-08-15,"Mcclure, Griffin and Stanley",80
PO1455,ASN1832,2025-08-08,"Anderson, Nichols and Jensen",131
PO1073,ASN1601,2025-07-21,Burgess-Harris,133
PO1062,ASN5651,2025-07-23,Harrison LLC,87
PO1803,ASN5078,2025-07-31,Hansen PLC,93
PO1582,ASN3847,2025-08-12,Bartlett-Christian,183
PO1188,ASN5581,2025-07-18,Garcia and Sons,73
PO1119,ASN1962,2025-07-21,Johnston-Hudson,167
PO1792,ASN8591,2025-08-07,"Powell, Griffin and Potter",120
PO1708,ASN9406,2025-07-24,"Le, Mcknight and Willis",151
PO1434,ASN3718,2025-08-13,Riley and Sons,197
PO1744,ASN5499,2025-08-07,"Hansen, Patterson and Strickland",168
PO1199,ASN1326,2025-08-13,Stanley and Sons,171
PO1205,ASN8087,2025-08-05,Miller PLC,165
PO1251,ASN4470,2025-08-11,Perkins and Sons,112
PO1623,ASN4920,2025-08-10,"White, Wallace and Oneal",182
PO1525,ASN4462,2025-08-16,"Perez, Good and Harvey",154
PO1694,ASN8320,2025-07-25,Camacho-Valenzuela,173
PO1586,ASN7580,2025-07-31,"Hamilton, Williamson and Quinn",159
PO1317,ASN6258,2025-07-21,Cruz-Cobb,130
PO1202,ASN4262,2025-08-04,Lee Ltd,66
PO1684,ASN5928,2025-07-19,Wagner-Nguyen,72
PO1045,ASN5171,2025-08-04,Cunningham-Shah,108
PO1290,ASN4580,2025-08-01,Macdonald LLC,150
PO1012,ASN4944,2025-07-24,Valentine-Williams,104
PO1067,ASN5398,2025-08-05,Lawson and Sons,137
PO1569,ASN4377,2025-08-10,Meyer Ltd,172
PO1807,ASN1683,2025-08-09,"Phillips, Johnston and Clark",49
PO1542,ASN7883,2025-08-15,Oliver Group,98
PO1388,ASN5055,2025-07-19,"Rios, Rowe and Hale",122
PO1635,ASN8398,2025-08-01,"Walker, Ward and Herrera",166
PO1371,ASN5855,2025-07-18,Cook Group,178
PO1101,ASN3358,2025-08-13,Myers-Sutton,59
PO1000,ASN4535,2025-07-18,Turner-Vega,124
PO1512,ASN7655,2025-07-29,"Sanchez, Martinez and Glenn",165
PO1323,ASN5895,2025-08-09,"Velasquez, Cruz and Hunter",165
PO1802,ASN8257,2025-07-24,Lewis-Beltran,74
PO1757,ASN9184,2025-08-10,Mason Ltd,116
PO1576,ASN4761,2025-07-23,Solomon and Sons,81
PO1419,ASN4289,2025-08-08,Mcknight-Barker,148
PO1094,ASN1322,2025-07-26,"Cole, Ponce and White",112
PO1443,ASN3545,2025-08-06,"Lewis, Tucker and Chambers",198
PO1457,ASN9884,2025-07-28,Valdez LLC,172
PO1485,ASN1739,2025-07-21,"Jackson, Williams and Curtis",72
PO1055,ASN3011,2025-07-26,Pierce PLC,166
PO1159,ASN8747,2025-08-07,"Garcia, Peterson and Elliott",57
PO1124,ASN8934,2025-07-22,Hancock Ltd,124
PO1065,ASN7473,2025-08-16,"Murray, Perez and Barron",105
PO1559,ASN4004,2025-07-30,"Knox, Hernandez and Ortega",47
PO1767,ASN4056,2025-07-25,Lopez-Roy,137
PO1762,ASN9636,2025-07-18,Berger Inc,185
PO1150,ASN9699,2025-08-13,Hernandez-Brown,122
PO1806,ASN8339,2025-07-22,Wolfe-Johnson,67
PO1446,ASN5169,2025-07-29,West Group,172
PO1240,ASN3936,2025-08-08,Dorsey-Maxwell,60
PO1114,ASN3204,2025-07-19,"Martinez, Sawyer and Bell",125
PO1026,ASN6094,2025-08-15,"Brewer, Mathis and Williams",108
PO1459,ASN3757,2025-08-06,"Foster, Lang and Smith",93
PO1668,ASN5052,2025-07-27,"Vazquez, Howell and Gutierrez",63
PO1660,ASN7783,2025-07-27,Bell-Warren,43
PO1169,ASN1344,2025-08-02,"Hicks, Kelley and Phelps",130
PO1768,ASN9255,2025-08-08,Harris-Miller,180
PO1652,ASN8941,2025-07-30,Larsen and Sons,44
PO1431,ASN8774,2025-07-28,"Gordon, Williams and Whitney",43
PO1299,ASN6987,2025-08-04,"Adams, Williams and Johnson",111
PO1749,ASN1998,2025-08-10,White-Johnson,187
PO1646,ASN7642,2025-07-22,Burnett-Young,135
PO1807,ASN4724,2025-07-29,Thomas-Rodriguez,177
PO1807,ASN5541,2025-08-13,Hardin-Carpenter,175
PO1219,ASN7527,2025-07-18,Moore LLC,168
PO1769,ASN2261,2025-08-12,"Johnson, Chavez and Alexander",163
PO1407,ASN8551,2025-07-25,Nunez and Sons,160
PO1371,ASN7052,2025-08-10,"Martinez, Patel and Guerrero",83
PO1294,ASN8740,2025-08-04,Gardner and Sons,182
PO1579,ASN6695,2025-07-20,Poole Inc,178
PO1035,ASN7462,2025-08-08,"Clements, Nelson and Haynes",149
PO1253,ASN5031,2025-07-22,"Stein, Martin and Collins",108
PO1032,ASN3734,2025-07-29,Williams-Shea,97
PO1032,ASN7415,2025-08-05,Reyes Group,190
PO1743,ASN1256,2025-07-22,"Ruiz, Vang and Grant",102
PO1734,ASN3592,2025-07-30,Wilson-Williams,200
PO1654,ASN5090,2025-07-28,Chambers Inc,146
PO1363,ASN9560,2025-08-09,Conner-Patterson,57
PO1760,ASN5399,2025-07-25,"Chandler, Weiss and Clark",148
PO1346,ASN4004,2025-07-30,Morris Group,111
PO1789,ASN8428,2025-07-20,Rose Ltd,155
PO1233,ASN7940,2025-08-06,"Tucker, Martin and Randall",43
PO1191,ASN5960,2025-08-10,Martin-Wallace,113
PO1521,ASN9116,2025-07-23,"Fitzgerald, Wallace and Suarez",198
PO1287,ASN6261,2025-07-28,"Taylor, Lewis and Fischer",164
PO1508,ASN7131,2025-08-12,"Brown, Yu and Allen",197
PO1227,ASN4984,2025-08-15,"Shannon, Rice and Gutierrez",129
PO1613,ASN5892,2025-08-13,Smith-Marks,79
PO1636,ASN6072,2025-07-29,Evans LLC,109
PO1335,ASN9857,2025-08-10,"Dunn, Bell and Smith",166
PO1416,ASN7165,2025-08-12,Long-Hill,149
PO1807,ASN7344,2025-07-20,Ramirez Ltd,63
PO1007,ASN4535,2025-07-20,"Dixon, Hall and Mayo",90
PO1216,ASN2864,2025-08-01,Morrow-Tran,49
PO1731,ASN2475,2025-07-18,Rivera Ltd,64
PO1060,ASN8919,2025-08-14,Knapp Ltd,104
PO1025,ASN1405,2025-07-20,Bush-Davis,145
PO1119,ASN5819,2025-08-05,Ellis-Rios,108
PO1407,ASN3573,2025-07-23,Hull-Oneill,75
PO1655,ASN2953,2025-07-21,Browning-Dyer,51
PO1347,ASN9884,2025-08-15,"Browning, Rojas and Glover",189
PO1661,ASN5612,2025-07-31,Alexander Ltd,46
PO1561,ASN6338,2025-07-23,Jones-Manning,177
PO1358,ASN1690,2025-08-10,Greer PLC,192
PO1724,ASN7563,2025-07-19,Williams and Sons,56
PO1170,ASN6564,2025-07-21,Davis-Stewart,132
PO1049,ASN6017,2025-08-09,"Hays, Ryan and Thornton",127
PO1538,ASN7384,2025-08-14,Chambers Group,108
PO1638,ASN1455,2025-08-12,Reese-Riggs,184
PO1056,ASN2310,2025-07-22,Henderson-Wolf,185
PO1171,ASN6503,2025-08-05,"Blake, Reynolds and Martinez",178
PO1553,ASN1191,2025-08-15,Ortiz-Mccoy,103
PO1344,ASN3452,2025-07-29,"Flores, Garner and Barton",128
PO1763,ASN6940,2025-07-28,Pham-Reese,169
PO1358,ASN3715,2025-07-28,"Cooley, Moon and Sanders",181
PO1769,ASN7705,2025-08-10,Smith-Carlson,151
PO1003,ASN9084,2025-07-25,Thomas-Faulkner,49
PO1429,ASN4580,2025-07-27,Kelly-Turner,111
PO1631,ASN8853,2025-08-06,"Davies, Bryant and Jackson",122
PO1172,ASN7091,2025-07-25,Combs-Torres,81
PO1486,ASN5225,2025-07-31,Flores-Graham,88
PO1121,ASN3656,2025-08-16,Graham and Sons,118
PO1508,ASN8363,2025-08-11,Meyer-Wright,64
PO1190,ASN4528,2025-08-13,Kelly-Reese,66
PO1550,ASN8439,2025-07-19,"Murray, Lambert and Thompson",168
PO1182,ASN8246,2025-07-23,Wilson Inc,91
PO1040,ASN2919,2025-08-05,Thomas Group,108
PO1466,ASN2308,2025-08-04,"Thompson, Ross and Salinas",66
PO1176,ASN1202,2025-07-27,Beck Group,118
PO1266,ASN4016,2025-08-05,Mendoza Group,172
PO1686,ASN6123,2025-07-23,Morris PLC,61
PO1780,ASN3988,2025-08-04,Harris LLC,123
PO1502,ASN4137,2025-07-26,Lewis-Gallagher,175
PO1183,ASN7575,2025-07-22,"Mendoza, Jones and Thompson",176
PO1377,ASN8396,2025-08-14,Davis Group,199
PO1529,ASN2387,2025-07-21,"Kelly, Smith and Gray",199
PO1076,ASN8194,2025-07-21,Collins-Hays,186
PO1382,ASN4271,2025-08-12,Anderson Inc,180
PO1075,ASN2844,2025-07-27,"Lopez, Warren and Montoya",73
PO1668,ASN4595,2025-08-07,"Spencer, Baker and Carter",161
PO1600,ASN1418,2025-07-29,Dunn-Moore,58
PO1298,ASN9315,2025-08-02,Gregory-Scott,170
PO1258,ASN7784,2025-08-01,Ball-Daugherty,75
PO1080,ASN2097,2025-08-09,Holland LLC,125
PO1676,ASN5724,2025-07-21,"Sanchez, Morgan and Levine",182
PO1192,ASN8164,2025-08-04,Wright-Zhang,189
PO1495,ASN2114,2025-07-27,Wood-Bradley,64
PO1278,ASN9932,2025-07-21,Pratt PLC,195
PO1775,ASN8482,2025-07-20,Kelley LLC,189
PO1730,ASN2519,2025-07-20,"Morgan, Fitzgerald and Wright",145
PO1052,ASN9463,2025-08-08,Smith-Best,136
PO1043,ASN7822,2025-07-28,Frye PLC,81
PO1180,ASN1075,2025-08-09,"Sanchez, Andrews and Baker",179
PO1169,ASN8014,2025-07-25,Robinson-Collins,164
PO1732,ASN7687,2025-07-26,Clements-Fitzgerald,167
PO1290,ASN1422,2025-08-10,Barry-Morales,62
PO1497,ASN7741,2025-08-02,"Glover, Schneider and Bell",143
PO1180,ASN7267,2025-07-20,"Buckley, Keith and Hernandez",137
PO1598,ASN9127,2025-08-08,Jennings-Smith,112
PO1421,ASN6117,2025-08-01,"Martinez, Wallace and Simon",82
PO1156,ASN3410,2025-08-04,"Ellis, Smith and Evans",110
PO1787,ASN2692,2025-08-03,"Chapman, Williams and Orr",128
PO1590,ASN4923,2025-07-18,Powers LLC,198
PO1338,ASN5745,2025-08-03,Savage-Henderson,173
PO1187,ASN9531,2025-07-25,Butler Ltd,81
PO1196,ASN2940,2025-08-01,Stokes PLC,154
PO1404,ASN3033,2025-08-06,Hughes-Walters,153
PO1289,ASN8878,2025-07-31,Roberts-Baker,176
PO1431,ASN8044,2025-08-02,"Thornton, Mcintyre and Spencer",87
PO1390,ASN8769,2025-08-01,Perez Inc,144
PO1142,ASN1980,2025-07-28,"Dominguez, Martinez and Bryant",109
PO1210,ASN3578,2025-08-16,Reynolds Inc,103
PO1035,ASN9411,2025-08-02,Johnson Ltd,150
PO1054,ASN8375,2025-07-24,Jones-Melendez,140
PO1369,ASN6395,2025-08-01,Herrera-Browning,174
PO1504,ASN3272,2025-07-19,"Evans, Bray and Elliott",122
PO1680,ASN3249,2025-08-13,"Potter, Anderson and Graham",73
PO1780,ASN8928,2025-08-04,Ortiz-Gray,158
PO1756,ASN6831,2025-07-23,Sanders-Matthews,190
PO1604,ASN7946,2025-07-23,Arroyo-Robinson,59
PO1272,ASN8302,2025-08-14,"Tran, Young and Estrada",45
PO1016,ASN7430,2025-08-11,"Santiago, Hodges and Martin",108
PO1468,ASN9916,2025-07-22,"Gonzalez, Evans and Clark",157
PO1226,ASN3747,2025-08-16,Torres Ltd,127
PO1117,ASN3721,2025-07-27,Williams PLC,125
PO1103,ASN3778,2025-08-01,Watson Group,171
PO1451,ASN3452,2025-08-04,"Johnson, Davenport and Christensen",105
PO1375,ASN4562,2025-07-20,Hogan LLC,47
PO1751,ASN6296,2025-07-29,Gomez-Mills,52
PO1265,ASN8745,2025-07-30,Thompson-Lewis,173
PO1673,ASN9357,2025-08-16,Hester-Leon,113
PO1130,ASN6413,2025-08-08,Miller Group,66
PO1606,ASN8789,2025-08-10,Miles-Fernandez,191
PO1461,ASN7482,2025-08-12,Frye-Vazquez,123
PO1154,ASN8892,2025-08-07,"Smith, Williams and Villarreal",130
PO1557,ASN8994,2025-08-16,Jensen Group,56
PO1722,ASN3579,2025-08-03,Strickland and Sons,47
PO1333,ASN3837,2025-08-10,Jones-Rush,65
PO1499,ASN7791,2025-07-21,"Long, Cherry and Mosley",83
PO1017,ASN7927,2025-08-09,"Clark, Carter and Mitchell",42
PO1329,ASN9114,2025-08-01,Joseph Group,121
PO1397,ASN3876,2025-07-24,"Walsh, Frost and Cook",193
PO1535,ASN9185,2025-07-29,Gross-Gomez,188
PO1395,ASN1027,2025-07-22,Brown-Reese,91
PO1080,ASN1391,2025-08-03,Hill LLC,142
PO1743,ASN8795,2025-08-12,Hansen LLC,78
PO1033,ASN2958,2025-07-24,Paul Ltd,173
PO1566,ASN3871,2025-08-13,"Smith, Green and Mack",118
PO1245,ASN9341,2025-07-25,Castaneda Inc,156
PO1509,ASN3445,2025-07-20,"Burnett, Hoffman and Martin",81
PO1659,ASN3918,2025-08-03,Brown Inc,117
PO1053,ASN7890,2025-07-25,Edwards LLC,63
PO1576,ASN5682,2025-08-12,Fuller-Tucker,145
PO1554,ASN7333,2025-07-22,Hicks PLC,131
PO1271,ASN8533,2025-07-30,Rivers-Myers,121
PO1232,ASN3368,2025-07-20,Arnold and Sons,136
PO1561,ASN6970,2025-07-29,Wallace-Black,99
PO1426,ASN2750,2025-08-10,Martinez Inc,104
PO1791,ASN2260,2025-08-01,"Crawford, Gomez and Johnson",67
PO1631,ASN6897,2025-08-06,Edwards-Reyes,175
PO1210,ASN5138,2025-08-12,Gonzalez-George,109
PO1044,ASN2994,2025-08-04,Willis-Crawford,137
PO1805,ASN8773,2025-07-21,Cunningham Ltd,187
PO1368,ASN6635,2025-08-01,Romero-Duran,162
PO1493,ASN1948,2025-08-03,"King, Lee and Carey",42
PO1222,ASN6289,2025-07-18,"Welch, Decker and Davis",101
PO1725,ASN4709,2025-07-24,Brown PLC,77
PO1176,ASN6048,2025-08-04,Norton LLC,138
PO1494,ASN6870,2025-07-19,Hernandez Inc,194
PO1399,ASN9541,2025-07-23,Walters Ltd,170
PO1601,ASN2017,2025-08-15,"Petersen, Wilkinson and Davidson",174
PO1175,ASN8222,2025-07-23,"Nguyen, Schwartz and Murphy",67
PO1001,ASN7858,2025-08-03,Martinez-Bush,189
PO1617,ASN6090,2025-08-08,"Boyle, Morris and Johnston",88
PO1690,ASN1460,2025-07-29,Gordon-Jensen,89
PO1271,ASN9172,2025-08-15,"Parsons, Owens and Gibbs",78
PO1046,ASN3889,2025-07-28,Campbell-Gardner,159
PO1567,ASN4955,2025-07-31,Martin-Bryant,89
PO1183,ASN9007,2025-07-25,"Wong, Contreras and Andrews",163
PO1406,ASN5411,2025-07-22,Fox Inc,197
PO1504,ASN5641,2025-08-08,House-Avila,40
PO1689,ASN8525,2025-08-10,Sweeney and Sons,181
PO1710,ASN9599,2025-07-27,"Kaufman, Conrad and Krueger",46
PO1619,ASN1312,2025-07-28,"Bean, Chan and Thompson",134
PO1429,ASN6284,2025-07-24,"Kramer, Mendez and Lopez",115
PO1265,ASN8356,2025-07-29,Norman LLC,138
PO1664,ASN1287,2025-08-13,"Garcia, Taylor and Kennedy",90
PO1330,ASN5063,2025-08-01,"Martin, Schultz and Rodriguez",82
PO1799,ASN3930,2025-08-16,"Butler, Cruz and Bauer",66
PO1119,ASN3797,2025-07-20,Thompson Ltd,157
PO1031,ASN6536,2025-08-02,Harris-Rubio,197
PO1569,ASN4769,2025-08-16,Patrick LLC,134
PO1489,ASN7798,2025-07-31,Williams-Hanson,59
PO1781,ASN5021,2025-07-18,Montgomery-Anderson,57
PO1155,ASN1632,2025-08-07,Russell LLC,189
PO1344,ASN5379,2025-08-13,Thomas Group,141
PO1567,ASN2491,2025-07-19,Frost Group,185
PO1022,ASN5769,2025-07-23,Valdez Ltd,69
PO1355,ASN1316,2025-07-27,"Kim, Stone and Hill",118
PO1765,ASN6954,2025-08-02,"Grant, Stanton and Tran",138
PO1514,ASN6060,2025-08-14,Travis and Sons,176
PO1194,ASN5066,2025-08-03,Huffman-Smith,165
PO1149,ASN2843,2025-07-31,Garrett-Hardin,167
PO1433,ASN8388,2025-08-08,"Schroeder, Rodriguez and Snyder",150
PO1789,ASN5655,2025-08-04,Rodriguez and Sons,65
PO1282,ASN8947,2025-07-19,"Long, Salas and Campbell",127
PO1309,ASN5748,2025-08-10,Thornton LLC,190
PO1104,ASN9817,2025-08-02,Moreno-Peterson,141
PO1080,ASN7667,2025-08-08,Flores-Torres,185
PO1245,ASN4910,2025-07-18,Hoffman LLC,134
PO1342,ASN2757,2025-08-02,Smith Group,181
PO1776,ASN1541,2025-07-30,Hopkins-Tucker,166
PO1591,ASN1588,2025-08-11,Hoffman Ltd,164
PO1782,ASN7139,2025-07-25,Woodard-Schultz,126
PO1669,ASN1832,2025-08-05,Rivera and Sons,130
PO1319,ASN2929,2025-08-07,Singleton-Gallagher,93
PO1151,ASN6905,2025-07-26,"Orozco, Holt and Wood",47
PO1557,ASN2003,2025-08-09,Murillo-Diaz,61
PO1759,ASN4471,2025-07-29,Sellers-Rodriguez,199
PO1786,ASN7283,2025-07-21,"Harrington, Rodriguez and Kennedy",184
PO1282,ASN4282,2025-07-18,Hester and Sons,121
PO1598,ASN3974,2025-08-08,Hill Ltd,140
PO1376,ASN3504,2025-08-15,Johnson-Roberts,193
PO1409,ASN2217,2025-08-13,Montes PLC,104
PO1037,ASN1903,2025-08-11,Patterson Ltd,175
PO1063,ASN3357,2025-08-08,"Ray, Bass and Santos",118
PO1347,ASN9650,2025-07-21,Wallace Group,156
PO1639,ASN1051,2025-08-01,Brady-Kirby,115
PO1695,ASN4675,2025-07-28,"Hays, Campbell and West",189
PO1035,ASN1764,2025-08-05,"Miller, Torres and Mcneil",137
PO1429,ASN3696,2025-08-01,Weber-Phillips,167
PO1358,ASN1447,2025-08-14,"Hester, Montgomery and Fisher",57
PO1564,ASN5417,2025-08-01,Mccoy and Sons,47
PO1647,ASN2460,2025-08-01,"Osborn, Mcmahon and Anderson",53
PO1425,ASN6451,2025-07-30,Cain-Watson,155
PO1174,ASN5103,2025-08-07,Gilbert Group,92
PO1791,ASN9952,2025-07-21,Robertson-Rose,117
PO1240,ASN3074,2025-07-26,"West, Whitney and Mitchell",47
PO1002,ASN7625,2025-08-02,Hubbard Ltd,109
PO1658,ASN3735,2025-08-14,Rogers-Lee,190
PO1476,ASN3971,2025-08-03,Evans Inc,82
PO1593,ASN3934,2025-07-18,Smith-Lamb,190
PO1618,ASN3838,2025-07-23,"Conley, Williams and Griffin",182
PO1519,ASN5061,2025-08-01,Huff Group,75
PO1104,ASN9499,2025-07-21,"Wright, Jones and Garcia",101
PO1047,ASN6604,2025-07-28,Ward PLC,129
PO1090,ASN3786,2025-08-05,"Gutierrez, Barnes and Parker",134
PO1637,ASN6046,2025-07-31,Brewer-Banks,151
PO1211,ASN2883,2025-08-15,Brown-Robinson,94
PO1781,ASN7703,2025-07-21,Brown and Sons,176
PO1335,ASN6071,2025-08-08,Sherman Group,71
PO1062,ASN5923,2025-07-30,Harris Ltd,155
PO1352,ASN7366,2025-08-05,"Cardenas, Allen and Jackson",55
PO1403,ASN4520,2025-08-15,Hernandez-Jefferson,184
PO1062,ASN1528,2025-07-30,Beard-Walsh,123
PO1236,ASN5680,2025-08-03,"Perry, Douglas and Anderson",78
PO1348,ASN5553,2025-08-10,Rodriguez-Crawford,138
PO1596,ASN2472,2025-08-02,"Allen, Meyer and Mahoney",166
PO1352,ASN7668,2025-08-05,Santos PLC,196
PO1360,ASN1929,2025-08-12,Jordan-Walsh,127
PO1540,ASN3617,2025-08-13,Delgado-Tyler,146
PO1714,ASN3155,2025-08-04,Arias-May,100
PO1067,ASN4251,2025-07-28,"Sellers, Malone and Greer",198
PO1693,ASN3403,2025-08-07,Alvarez-Owen,188
PO1457,ASN5642,2025-07-25,Miller-Farrell,84
PO1044,ASN6298,2025-08-11,Hill-Wood,106
PO1776,ASN9832,2025-08-16,"Stuart, Moore and Saunders",98
PO1132,ASN1261,2025-07-19,"Reynolds, Flores and Meyer",129
PO1231,ASN2044,2025-08-07,"Johnson, Stone and Williams",159
PO1490,ASN4175,2025-08-10,Goodman PLC,186
PO1326,ASN5640,2025-07-20,Perez-Terrell,98
PO1636,ASN6131,2025-07-21,"Mcguire, Walter and Holmes",50
PO1376,ASN4319,2025-08-12,Pittman-Burch,41
PO1004,ASN8354,2025-08-16,Barry PLC,45
PO1221,ASN2641,2025-07-23,"Ramos, Wright and Smith",123
PO1478,ASN7521,2025-08-16,"Kirk, Cordova and Garcia",107
PO1007,ASN4207,2025-08-14,"Bruce, Gonzalez and Jordan",60
PO1638,ASN4311,2025-07-25,Humphrey-Alvarez,130
PO1722,ASN1703,2025-07-21,Wheeler-Oliver,71
PO1413,ASN1647,2025-08-04,"Garcia, Henry and Hughes",100
PO1312,ASN3398,2025-07-21,Drake-Garcia,175
PO1533,ASN9534,2025-08-09,Foster and Sons,40
PO1044,ASN5517,2025-08-13,"Patterson, Harrell and Hunter",63
PO1428,ASN1080,2025-07-19,"Riley, Marshall and Mcgee",196
PO1678,ASN3416,2025-07-29,Beard and Sons,105
PO1293,ASN6567,2025-07-22,Thompson Group,83
PO1703,ASN8289,2025-08-04,Smith Group,74
PO1646,ASN1693,2025-07-31,"Key, Grant and Jones",160
PO1499,ASN4835,2025-07-23,White-Jones,154
PO1672,ASN2918,2025-07-22,"Rogers, Dawson and Swanson",95
PO1157,ASN4291,2025-08-16,"Rodgers, Jones and Moore",168
PO1029,ASN3990,2025-08-03,Norton-Williams,82
PO1321,ASN4840,2025-08-14,Cruz LLC,105
PO1386,ASN5518,2025-07-23,Johnston-Martin,106
PO1202,ASN8016,2025-08-06,"Guzman, Dickerson and Roberts",198
PO1394,ASN6707,2025-08-10,Caldwell Group,111
PO1454,ASN7599,2025-07-30,Warren-Knox,186
PO1344,ASN6520,2025-07-27,Swanson-Christian,67
PO1312,ASN9353,2025-08-11,"Becker, Gardner and Mason",194
PO1273,ASN8575,2025-08-06,"Mclaughlin, Dean and Mason",45
PO1316,ASN9088,2025-07-28,"Phillips, Wheeler and Macias",141
PO1297,ASN6084,2025-08-15,"Fields, Vazquez and Travis",61
PO1128,ASN8601,2025-07-23,Hernandez Inc,112
PO1392,ASN6857,2025-08-07,Gonzalez-Foley,101
PO1155,ASN8829,2025-07-18,"Mitchell, Ellis and Gray",64
PO1467,ASN9000,2025-08-10,"Miller, Miranda and Smith",102
PO1142,ASN4830,2025-07-21,Benjamin-Ortiz,182
PO1565,ASN5721,2025-07-22,Dennis Ltd,182
PO1360,ASN2111,2025-07-20,Cantu PLC,87
PO1660,ASN7093,2025-08-08,"Paul, Kelley and Walters",93
PO1628,ASN2649,2025-08-14,"Mccullough, Long and Zhang",123
PO1778,ASN2275,2025-08-07,Williams-Brewer,77
PO1456,ASN9706,2025-07-25,"Jackson, Weaver and Hebert",100
PO1046,ASN9931,2025-07-29,Perez Ltd,129
PO1727,ASN5338,2025-08-01,Sosa Inc,77
PO1217,ASN7398,2025-08-12,"Gaines, Roberts and Gonzalez",189
PO1470,ASN1059,2025-08-08,Noble-Barrett,65
PO1476,ASN8821,2025-07-27,Daugherty LLC,198
PO1239,ASN5566,2025-08-11,"Williams, Johns and Young",84
PO1561,ASN8371,2025-07-18,Brown-Wright,62
PO1160,ASN7737,2025-07-22,Gaines Inc,162
PO1401,ASN7468,2025-07-30,Delgado Ltd,50
PO1225,ASN4360,2025-08-16,"Daniel, Sutton and Mann",124
PO1243,ASN4230,2025-08-15,"Webb, Charles and Smith",147
PO1332,ASN9775,2025-08-09,Roberts PLC,61
PO1339,ASN8659,2025-08-04,Giles-Williams,168
PO1481,ASN1747,2025-08-07,Smith-Long,88
PO1670,ASN8365,2025-08-15,"Moore, Turner and Greer",178
PO1759,ASN6116,2025-08-08,"Wilson, Fisher and Turner",76
PO1197,ASN5484,2025-07-27,"Vargas, Miller and Davis",67
PO1475,ASN3176,2025-08-03,Harris-Moreno,131
PO1793,ASN8882,2025-08-07,Mccormick-Huffman,98
PO1241,ASN2507,2025-08-03,"Ingram, Harris and Nash",193
PO1205,ASN9524,2025-08-10,Stevenson and Sons,45
PO1607,ASN6257,2025-07-31,West PLC,100
PO1194,ASN5876,2025-07-24,"Cruz, Perez and Hayes",41
PO1490,ASN2915,2025-07-22,Smith Ltd,44
PO1109,ASN4096,2025-07-25,Hubbard-Cruz,171
PO1717,ASN7142,2025-08-16,"Brooks, Gonzales and Fields",42
PO1540,ASN1846,2025-07-23,Butler Ltd,109
PO1084,ASN4867,2025-08-07,"Nguyen, Williams and Johnson",90
PO1292,ASN9914,2025-08-02,"Estrada, Lyons and Clark",62
PO1255,ASN6908,2025-08-16,Grant-Stevens,68
PO1231,ASN7656,2025-07-26,"Barnes, Lewis and Patel",71
PO1771,ASN1655,2025-08-14,Morgan-Foster,187
PO1075,ASN1830,2025-07-27,Curtis-Gomez,76
PO1022,ASN1056,2025-07-18,Smith-Barnes,181
PO1425,ASN3428,2025-07-20,"Wallace, Meyers and Alvarado",143
PO1072,ASN2467,2025-07-31,Goodwin-Travis,67
PO1069,ASN5013,2025-07-23,"Martin, Davis and Wilson",160
PO1344,ASN1961,2025-07-29,"Carter, Bell and Barry",47
PO1327,ASN4202,2025-07-20,Williams PLC,120
PO1137,ASN9359,2025-08-05,Esparza Group,55
PO1096,ASN1449,2025-08-09,Edwards-Khan,181
PO1097,ASN7381,2025-07-20,Garcia Inc,128
PO1490,ASN6522,2025-08-15,Lam-Conley,69
PO1167,ASN9669,2025-08-06,Fuentes Group,102
PO1660,ASN9355,2025-08-15,Green Group,120
PO1069,ASN1053,2025-08-14,Bryan-Jackson,86
PO1222,ASN2241,2025-07-24,Lang Inc,196
PO1630,ASN7188,2025-07-22,Zamora Ltd,83
PO1205,ASN1377,2025-07-26,Jenkins Inc,47
PO1617,ASN5297,2025-07-30,"Santiago, Valencia and Olson",152
PO1215,ASN3340,2025-07-27,"Green, Williams and Frye",72
PO1758,ASN7661,2025-07-29,"Horton, Rivera and Mueller",140
PO1708,ASN3996,2025-07-22,Summers-Jones,65
PO1496,ASN6664,2025-08-02,"Ortiz, Hernandez and Carpenter",149
PO1061,ASN8450,2025-07-26,Taylor-Wong,115
PO1437,ASN9592,2025-08-14,Ramsey-Clark,53
PO1341,ASN8990,2025-08-12,Davis and Sons,186
PO1764,ASN1994,2025-07-31,Alexander-Swanson,181
PO1064,ASN2082,2025-07-22,Hoffman Ltd,136
PO1681,ASN2264,2025-07-29,"Walters, Lee and Rojas",78
PO1203,ASN5223,2025-07-21,Terry-Ramsey,107
PO1471,ASN2857,2025-07-20,Tanner-Robles,74
PO1113,ASN2546,2025-07-28,"Baird, Brown and Carroll",83
PO1299,ASN6511,2025-07-31,Rodriguez and Sons,61
PO1779,ASN2656,2025-08-10,Harris-Murillo,200
PO1114,ASN4410,2025-08-12,Martinez-Turner,113
PO1351,ASN2846,2025-08-11,Harvey-Anderson,169
PO1034,ASN3415,2025-07-27,Miller LLC,75
PO1384,ASN2575,2025-08-03,Simpson Ltd,172
PO1528,ASN1786,2025-08-11,Collins-Smith,58
PO1319,ASN6712,2025-07-25,"Peters, Williams and Gonzalez",96
PO1586,ASN7131,2025-07-23,Patel-Hughes,154
