PO_ID,GRN_ID,Item_ID,Received_Date,Quantity_Received,Warehouse
PO1496,GRN4075,ITEM210,2025-07-29,175,Danielton
PO1112,GRN8036,ITEM560,2025-08-13,170,Garciamouth
PO1543,GRN2163,ITEM437,2025-08-14,213,West Brittanyhaven
PO1646,GRN2517,ITEM729,2025-08-15,37,Port Vincent
PO1355,GRN5848,ITEM812,2025-08-13,98,South Shannonmouth
PO1176,GRN2246,ITEM857,2025-08-06,47,East Daryl
PO1780,GRN1425,ITEM163,2025-08-01,32,Matthewstad
PO1570,GRN3728,ITEM504,2025-08-04,92,West Sarahport
PO1609,GRN9732,ITEM818,2025-08-07,44,New Anthonyhaven
PO1670,GRN1546,ITEM423,2025-08-11,96,East Nathaniel
PO1722,GRN2594,ITEM621,2025-08-14,78,Brucetown
PO1129,GRN9768,ITEM721,2025-08-04,62,Port Sarahfurt
PO1071,GRN8426,ITEM100,2025-08-06,90,West Shannonstad
PO1323,GRN6823,ITEM641,2025-08-10,183,Sheilachester
PO1039,GRN6923,ITEM693,2025-08-04,33,Lake Mariastad
PO1338,GRN5916,ITEM242,2025-08-09,55,New Kimberlymouth
PO1612,GRN3728,ITEM366,2025-08-01,52,Edwardberg
PO1025,GRN7183,ITEM860,2025-07-28,203,Port Mitchellborough
PO1080,GRN9613,ITEM597,2025-07-29,142,Boothborough
PO1048,GRN2570,ITEM227,2025-08-01,200,Davidchester
PO1113,GRN2878,ITEM454,2025-08-07,86,Ronaldview
PO1561,GRN9680,ITEM967,2025-08-04,44,Warrenview
PO1218,GRN3293,ITEM914,2025-08-03,190,New Brandon
PO1090,GRN9039,ITEM851,2025-07-31,102,East Natashahaven
PO1462,GRN7896,ITEM110,2025-08-06,132,Nancyborough
PO1247,GRN6932,ITEM658,2025-08-05,55,Rebeccaville
PO1147,GRN9191,ITEM787,2025-08-05,111,Port Joshua
PO1269,GRN2930,ITEM904,2025-08-16,105,South Dawn
PO1460,GRN2390,ITEM323,2025-08-09,176,Barkerstad
PO1788,GRN7729,ITEM266,2025-08-11,170,Michaelstad
PO1262,GRN1695,ITEM207,2025-08-03,46,Deborahhaven
PO1401,GRN6630,ITEM545,2025-08-01,32,West Gabriel
PO1137,GRN2883,ITEM194,2025-08-13,101,Alexanderside
PO1001,GRN2475,ITEM958,2025-07-31,146,Port Tammy
PO1054,GRN6873,ITEM456,2025-07-30,69,South Colleenburgh
PO1465,GRN4544,ITEM529,2025-08-09,87,East Amanda
PO1043,GRN3819,ITEM425,2025-08-12,180,New Jasmine
PO1109,GRN7193,ITEM716,2025-07-30,214,Youngfurt
PO1750,GRN5539,ITEM292,2025-08-12,56,South Angelaside
PO1513,GRN1198,ITEM913,2025-08-14,46,East Garyview
PO1227,GRN3383,ITEM300,2025-08-01,194,West Jamesborough
PO1317,GRN2465,ITEM273,2025-08-12,32,Douglasstad
PO1708,GRN2970,ITEM139,2025-08-11,84,South Jessicaport
PO1292,GRN5170,ITEM929,2025-08-05,155,North Williambury
PO1270,GRN8430,ITEM636,2025-08-14,141,Oconnorview
PO1272,GRN5119,ITEM228,2025-07-30,65,South Shariborough
PO1790,GRN7555,ITEM666,2025-08-13,126,Chasemouth
PO1343,GRN5308,ITEM534,2025-08-07,170,Aliciahaven
PO1386,GRN5938,ITEM344,2025-08-01,106,North Alyssa
PO1055,GRN5252,ITEM902,2025-08-11,70,Steventon
PO1031,GRN6812,ITEM651,2025-08-13,46,West Edward
PO1385,GRN5684,ITEM842,2025-08-16,187,Williamsburgh
PO1204,GRN8140,ITEM265,2025-08-14,209,Tammiehaven
PO1436,GRN4046,ITEM340,2025-07-31,31,Taylorshire
PO1718,GRN3004,ITEM349,2025-08-03,89,North Briantown
PO1165,GRN9974,ITEM788,2025-07-29,131,North Kathyhaven
PO1160,GRN1946,ITEM951,2025-08-13,112,Lake Mason
PO1055,GRN2788,ITEM410,2025-08-05,134,Julieside
PO1218,GRN8774,ITEM537,2025-08-14,152,Alexanderview
PO1546,GRN1029,ITEM629,2025-08-01,196,Travistown
PO1227,GRN6939,ITEM539,2025-08-13,143,Morganport
PO1125,GRN5875,ITEM199,2025-08-06,81,Thomasshire
PO1625,GRN4354,ITEM579,2025-07-28,88,Carlshire
PO1596,GRN1697,ITEM378,2025-08-14,188,Stonehaven
PO1703,GRN6719,ITEM393,2025-07-29,142,East Alexis
PO1359,GRN8162,ITEM833,2025-08-13,49,Lake Terriberg
PO1762,GRN5755,ITEM494,2025-08-10,204,East Josephfurt
PO1785,GRN2358,ITEM507,2025-08-10,84,South Jacobhaven
PO1596,GRN7247,ITEM703,2025-08-16,110,Candiceburgh
PO1231,GRN6623,ITEM170,2025-08-06,175,Nancyville
PO1639,GRN2955,ITEM819,2025-07-30,111,Ellisburgh
PO1254,GRN7221,ITEM479,2025-08-08,160,Bellhaven
PO1215,GRN5459,ITEM865,2025-08-01,210,East Brandyview
PO1667,GRN2648,ITEM198,2025-08-11,32,New Eugeneport
PO1373,GRN3562,ITEM242,2025-08-11,217,Port Daniel
PO1359,GRN1169,ITEM966,2025-08-16,154,Jenniferstad
PO1349,GRN7818,ITEM898,2025-08-11,149,Bakerberg
PO1437,GRN3273,ITEM338,2025-08-15,183,West Amanda
PO1125,GRN8187,ITEM622,2025-08-08,202,South Daryl
PO1120,GRN4414,ITEM895,2025-06-14,39,New James
PO1245,GRN2740,ITEM269,2025-08-16,106,Port Karenside
PO1801,GRN4785,ITEM293,2025-08-14,104,Olsonmouth
PO1755,GRN4288,ITEM715,2025-07-31,55,Brookeborough
PO1243,GRN1520,ITEM515,2025-08-09,182,West Theresa
PO1150,GRN7980,ITEM286,2025-08-12,122,Meyermouth
PO1351,GRN3116,ITEM942,2025-08-08,55,Andrewside
PO1116,GRN4044,ITEM442,2025-08-06,54,Christyview
PO1657,GRN6021,ITEM166,2025-08-03,152,West Amber
PO1019,GRN6307,ITEM569,2025-08-06,178,Shawnbury
PO1071,GRN5918,ITEM888,2025-07-29,84,North Toddport
PO1264,GRN2683,ITEM753,2025-08-09,127,Ramosport
PO1043,GRN9388,ITEM412,2025-08-10,103,Mcgrathburgh
PO1694,GRN7813,ITEM454,2025-08-06,132,West Susan
PO1462,GRN8232,ITEM909,2025-08-14,149,Donaldville
PO1357,GRN5911,ITEM250,2025-08-05,193,Youngton
PO1129,GRN9783,ITEM515,2025-08-15,105,Mitchellbury
PO1162,GRN6240,ITEM378,2025-08-08,217,New Sarahbury
PO1784,GRN6966,ITEM160,2025-08-02,196,Matthewland
PO1661,GRN8327,ITEM230,2025-08-12,100,West Justin
PO1077,GRN7121,ITEM585,2025-08-04,128,Kyleburgh
PO1384,GRN7115,ITEM590,2025-08-15,85,Anthonyfort
PO1187,GRN5461,ITEM977,2025-08-01,102,Parkerville
PO1458,GRN5984,ITEM204,2025-08-04,197,Anthonyland
PO1581,GRN7196,ITEM107,2025-07-29,178,Patriciaville
PO1548,GRN4818,ITEM219,2025-08-05,149,Judymouth
PO1379,GRN7607,ITEM654,2025-08-02,104,Terrellchester
PO1137,GRN6337,ITEM523,2025-08-06,121,South Jodybury
PO1078,GRN3350,ITEM750,2025-08-09,155,Marshallport
PO1594,GRN4120,ITEM958,2025-08-14,147,West Brandonfort
PO1672,GRN9450,ITEM979,2025-08-14,159,South Gregory
PO1055,GRN4243,ITEM647,2025-08-04,67,Matthewland
PO1404,GRN7366,ITEM104,2025-08-16,142,Riverafurt
PO1214,GRN7002,ITEM302,2025-08-07,100,Petersenmouth
PO1508,GRN8727,ITEM669,2025-08-01,218,Michaelshire
PO1136,GRN2670,ITEM479,2025-08-01,132,Port Candiceview
PO1045,GRN1190,ITEM190,2025-07-31,82,Port Pamelaberg
PO1790,GRN8707,ITEM312,2025-08-03,139,Nguyenshire
PO1795,GRN1262,ITEM951,2025-08-10,176,New Tamara
PO1059,GRN1827,ITEM341,2025-08-06,163,South Ariana
PO1646,GRN4130,ITEM175,2025-08-10,191,Lake Garyland
PO1288,GRN9750,ITEM650,2025-07-31,84,Whiteberg
PO1112,GRN4538,ITEM469,2025-08-06,127,Port Andrewfort
PO1646,GRN4654,ITEM144,2025-08-05,207,Christopherchester
PO1672,GRN8875,ITEM613,2025-08-15,179,South Brian
PO1552,GRN1619,ITEM880,2025-08-07,48,North Jessicafort
PO1795,GRN6856,ITEM282,2025-08-16,40,Meghanberg
PO1671,GRN7462,ITEM766,2025-08-06,178,Port James
PO1794,GRN1712,ITEM796,2025-08-02,167,Katherineberg
PO1173,GRN8208,ITEM949,2025-07-29,129,West Jose
PO1663,GRN5035,ITEM689,2025-08-01,96,Maldonadoville
PO1804,GRN6441,ITEM115,2025-07-29,144,Port Jennifer
PO1729,GRN4226,ITEM162,2025-08-01,209,Millerview
PO1433,GRN3432,ITEM235,2025-08-06,32,Michaeltown
PO1167,GRN7281,ITEM143,2025-07-30,138,West Amyfurt
PO1524,GRN4643,ITEM793,2025-07-30,38,Shannonland
PO1088,GRN7695,ITEM479,2025-08-06,144,Heatherton
PO1468,GRN8835,ITEM268,2025-08-06,175,New Ashleyland
PO1678,GRN3806,ITEM677,2025-08-15,200,Knightburgh
PO1274,GRN1289,ITEM366,2025-08-16,154,Tinaport
PO1180,GRN9141,ITEM662,2025-08-05,161,New Marytown
PO1026,GRN2564,ITEM313,2025-08-04,181,Nelsonport
PO1529,GRN6277,ITEM352,2025-08-04,149,Millerview
PO1630,GRN5910,ITEM346,2025-07-28,94,Jessicaborough
PO1443,GRN7689,ITEM573,2025-08-14,214,Port Meganmouth
PO1417,GRN2740,ITEM926,2025-07-28,145,New Jenniferborough
PO1100,GRN3952,ITEM218,2025-08-04,183,Beanburgh
PO1370,GRN5854,ITEM961,2025-07-31,90,West Josephview
PO1508,GRN9625,ITEM895,2025-08-07,71,Fletcherport
PO1388,GRN6734,ITEM259,2025-08-02,185,Port Melissamouth
PO1655,GRN7789,ITEM248,2025-08-15,62,East Patriciashire
PO1304,GRN8635,ITEM269,2025-08-08,47,Townsendborough
PO1311,GRN3221,ITEM820,2025-08-08,189,North Joel
PO1055,GRN7619,ITEM882,2025-08-07,130,Samanthamouth
PO1605,GRN2774,ITEM306,2025-07-29,56,Robinsonborough
PO1377,GRN4965,ITEM735,2025-08-07,96,North James
PO1759,GRN5064,ITEM680,2025-08-01,139,Harrisonton
PO1654,GRN6835,ITEM743,2025-07-31,69,West Emily
PO1180,GRN1619,ITEM721,2025-08-11,94,North Christian
PO1289,GRN7308,ITEM170,2025-07-30,168,Julieland
PO1763,GRN1560,ITEM704,2025-07-31,110,Merrittbury
PO1241,GRN2602,ITEM346,2025-08-14,178,Alexaburgh
PO1232,GRN7897,ITEM678,2025-08-04,198,Hamiltonport
PO1360,GRN8106,ITEM222,2025-08-15,129,South Kathryn
PO1154,GRN6097,ITEM240,2025-07-31,50,New Leonard
PO1098,GRN8436,ITEM650,2025-08-15,76,North Samanthamouth
PO1751,GRN3485,ITEM299,2025-08-06,46,New Michaelview
PO1479,GRN5567,ITEM239,2025-07-28,129,Randallton
PO1291,GRN6163,ITEM849,2025-08-13,160,Port Sarahview
PO1242,GRN1286,ITEM332,2025-08-11,163,Smithbury
PO1127,GRN1591,ITEM846,2025-08-14,61,Sullivanville
PO1691,GRN2073,ITEM774,2025-08-09,75,Lemouth
PO1168,GRN3521,ITEM318,2025-08-08,42,South Joel
PO1739,GRN3542,ITEM367,2025-08-16,54,Danielshire
PO1675,GRN8530,ITEM686,2025-08-06,43,Javierton
PO1309,GRN8006,ITEM752,2025-08-08,173,West Samantha
PO1626,GRN3118,ITEM268,2025-08-04,211,East Jennifertown
PO1118,GRN3011,ITEM407,2025-08-04,93,Lake Alyssa
PO1447,GRN5415,ITEM512,2025-08-15,162,Mackenzieborough
PO1247,GRN8034,ITEM573,2025-07-28,157,Derrickport
PO1368,GRN4791,ITEM112,2025-08-15,57,West Laurastad
PO1568,GRN1893,ITEM694,2025-08-07,73,New Tammymouth
PO1237,GRN2226,ITEM821,2025-08-14,70,Douglasstad
PO1659,GRN4441,ITEM180,2025-08-12,90,East Nancy
PO1007,GRN3133,ITEM946,2025-08-10,155,Jeffreystad
PO1661,GRN8175,ITEM551,2025-08-01,189,Stephanieview
PO1389,GRN6988,ITEM998,2025-08-03,92,South Michaelmouth
PO1418,GRN2202,ITEM211,2025-08-01,78,New Josephborough
PO1433,GRN2403,ITEM382,2025-08-03,47,West Juanchester
PO1643,GRN6758,ITEM486,2025-08-12,107,New Lisa
PO1319,GRN6333,ITEM475,2025-08-10,92,Josephburgh
PO1338,GRN8901,ITEM545,2025-08-03,141,West Samuelfurt
PO1506,GRN6511,ITEM827,2025-08-06,180,West Megan
PO1585,GRN2782,ITEM593,2025-08-08,159,Alexisfort
PO1501,GRN5892,ITEM123,2025-07-30,216,New Michele
PO1573,GRN6721,ITEM153,2025-08-11,88,Jonathanside
PO1338,GRN6509,ITEM255,2025-08-02,114,East Brian
PO1078,GRN7060,ITEM415,2025-08-13,98,West Latashachester
PO1378,GRN3368,ITEM584,2025-08-16,158,Lake David
PO1326,GRN3760,ITEM622,2025-08-03,83,New Devontown
PO1572,GRN9553,ITEM685,2025-08-05,213,Port Stevenmouth
PO1539,GRN2482,ITEM465,2025-08-09,117,Stacyhaven
PO1673,GRN2124,ITEM237,2025-08-08,150,North Yolandaburgh
PO1383,GRN5791,ITEM758,2025-08-08,130,Hawkinsfurt
PO1091,GRN8011,ITEM942,2025-07-28,43,North Robertshire
PO1772,GRN9071,ITEM372,2025-08-13,144,Stephaniestad
PO1347,GRN7335,ITEM291,2025-08-07,137,Michelleside
PO1287,GRN8263,ITEM384,2025-08-15,181,Jonathanmouth
PO1021,GRN8230,ITEM675,2025-08-09,73,New Sandramouth
PO1043,GRN6979,ITEM375,2025-08-03,161,Jefferyberg
PO1568,GRN3280,ITEM436,2025-08-02,34,Moorefort
PO1038,GRN3495,ITEM190,2025-08-04,125,South Matthewchester
PO1665,GRN4037,ITEM996,2025-06-24,61,Luisside
PO1518,GRN7335,ITEM537,2025-08-13,49,South Thomasmouth
PO1105,GRN1859,ITEM937,2025-08-14,186,South Alyssastad
PO1753,GRN3926,ITEM141,2025-08-01,176,East Susan
PO1121,GRN2607,ITEM747,2025-08-10,167,South Lindsayton
PO1655,GRN7571,ITEM515,2025-08-14,37,East Brittany
PO1099,GRN9394,ITEM173,2025-08-08,66,Devinville
PO1153,GRN9936,ITEM575,2025-08-01,64,Anthonybury
PO1720,GRN2995,ITEM755,2025-08-14,156,Heidichester
PO1133,GRN4712,ITEM649,2025-07-28,90,Cabreraton
PO1685,GRN1752,ITEM931,2025-08-13,123,Webbfort
PO1161,GRN8561,ITEM586,2025-08-15,102,Jenningsburgh
PO1369,GRN2734,ITEM534,2025-07-30,134,West James
PO1083,GRN1293,ITEM840,2025-08-09,111,Lisaland
PO1782,GRN9032,ITEM393,2025-08-03,49,Barberside
PO1292,GRN1827,ITEM201,2025-07-31,125,South Donnaton
PO1624,GRN1924,ITEM486,2025-08-01,36,Port Sarahberg
PO1645,GRN3691,ITEM146,2025-07-29,138,Lake Ebony
PO1672,GRN7654,ITEM982,2025-08-05,120,North Stephanie
PO1771,GRN2522,ITEM640,2025-08-01,111,Millerland
PO1326,GRN1836,ITEM671,2025-08-07,68,Littlemouth
PO1805,GRN6403,ITEM361,2025-08-10,104,Jeffreystad
PO1336,GRN7714,ITEM847,2025-08-11,212,New Briannastad
PO1639,GRN1262,ITEM591,2025-08-14,186,Murraystad
PO1129,GRN4897,ITEM491,2025-08-13,50,South Dominique
PO1401,GRN5549,ITEM146,2025-08-10,45,Amandaview
PO1169,GRN9847,ITEM849,2025-08-08,161,New Biancahaven
PO1061,GRN7561,ITEM789,2025-08-13,43,Andrewbury
PO1400,GRN9489,ITEM455,2025-08-11,190,Lake Danielmouth
PO1523,GRN7262,ITEM384,2025-08-09,63,North Brandi
PO1237,GRN5419,ITEM878,2025-08-16,191,Youngland
PO1412,GRN6616,ITEM107,2025-08-10,80,Garrettton
PO1697,GRN5969,ITEM770,2025-08-08,112,Lake Sara
PO1164,GRN8019,ITEM295,2025-08-16,159,Ashleytown
PO1412,GRN4719,ITEM364,2025-08-08,75,Villegasview
PO1633,GRN7165,ITEM304,2025-08-11,148,East Nicole
PO1609,GRN4769,ITEM308,2025-08-07,79,Mannburgh
PO1298,GRN6307,ITEM733,2025-08-10,124,Jenniferborough
PO1371,GRN4045,ITEM951,2025-08-11,69,Johnsontown
PO1706,GRN6105,ITEM251,2025-08-10,107,Kellerport
PO1018,GRN1337,ITEM176,2025-07-31,197,Ramosside
PO1459,GRN2187,ITEM958,2025-08-13,115,West Jacobtown
PO1268,GRN6743,ITEM395,2025-08-01,216,Douglasbury
PO1081,GRN4864,ITEM159,2025-08-08,131,North George
PO1213,GRN8024,ITEM295,2025-08-11,162,Lake Paulbury
PO1052,GRN2928,ITEM709,2025-08-15,84,North Reginald
PO1751,GRN7454,ITEM607,2025-08-08,178,New Deborah
PO1746,GRN1418,ITEM547,2025-08-13,183,New Albertfort
PO1739,GRN3267,ITEM686,2025-08-05,122,West Amy
PO1603,GRN1584,ITEM193,2025-08-01,186,Patriciastad
PO1462,GRN9548,ITEM230,2025-08-05,161,South Jacob
PO1530,GRN2024,ITEM434,2025-08-06,192,Darlenebury
PO1671,GRN4017,ITEM557,2025-08-08,188,Fisherview
PO1155,GRN1875,ITEM120,2025-07-31,199,Phillipland
PO1235,GRN2603,ITEM350,2025-07-31,49,Carrillofort
PO1037,GRN5439,ITEM734,2025-08-04,169,East Julia
PO1633,GRN5103,ITEM545,2025-08-01,180,West Jonathanhaven
PO1466,GRN7614,ITEM642,2025-08-09,34,West Kathleen
PO1796,GRN8361,ITEM696,2025-08-11,72,East Matthewchester
PO1093,GRN6091,ITEM725,2025-08-13,65,New Diane
PO1744,GRN5385,ITEM277,2025-07-29,120,North Bill
PO1466,GRN6265,ITEM314,2025-08-03,196,New Teresaport
PO1431,GRN2546,ITEM576,2025-08-02,184,Lake Patrick
PO1463,GRN6930,ITEM886,2025-08-09,69,North Derekland
PO1585,GRN4861,ITEM852,2025-08-11,108,New Heather
PO1017,GRN9859,ITEM850,2025-08-05,163,North Madison
PO1506,GRN1675,ITEM842,2025-08-11,77,North Emily
PO1273,GRN7619,ITEM485,2025-08-03,170,Bobbyview
PO1712,GRN8982,ITEM781,2025-07-07,102,West Bethany
PO1418,GRN5621,ITEM115,2025-08-04,199,Jessicastad
PO1772,GRN8509,ITEM226,2025-08-08,192,South Williammouth
PO1563,GRN7136,ITEM807,2025-08-12,128,Debbieburgh
PO1161,GRN1535,ITEM847,2025-08-03,129,East Michaelshire
PO1807,GRN6640,ITEM254,2025-08-15,201,Youngborough
PO1271,GRN9784,ITEM355,2025-08-14,185,Lake Donaldfurt
PO1371,GRN6073,ITEM285,2025-08-02,134,Landryview
PO1260,GRN8057,ITEM495,2025-08-13,111,South William
PO1511,GRN9501,ITEM822,2025-08-14,174,Yvonnemouth
PO1066,GRN4135,ITEM101,2025-08-03,120,Rebeccaberg
PO1494,GRN9319,ITEM863,2025-08-03,213,New Jennifer
PO1703,GRN7329,ITEM446,2025-07-29,34,North Karatown
PO1051,GRN5278,ITEM388,2025-08-01,123,North Jackie
PO1710,GRN9450,ITEM398,2025-08-03,198,East Ryan
PO1357,GRN3753,ITEM807,2025-08-03,162,Joanstad
PO1040,GRN4811,ITEM956,2025-08-10,56,South Melissa
PO1766,GRN3819,ITEM667,2025-07-29,53,Kingfurt
PO1683,GRN9488,ITEM903,2025-08-05,34,Zacharyberg
PO1716,GRN1498,ITEM574,2025-07-29,213,Romeroville
PO1741,GRN9806,ITEM620,2025-08-11,189,West Amy
PO1641,GRN7205,ITEM148,2025-08-12,138,Taylorland
PO1770,GRN3916,ITEM942,2025-08-12,48,North Damon
PO1472,GRN6209,ITEM949,2025-08-07,203,West Kathleen
PO1167,GRN8605,ITEM631,2025-08-14,166,Lake Tamaraport
PO1759,GRN6886,ITEM768,2025-08-16,104,North Theresa
PO1367,GRN5463,ITEM487,2025-08-10,134,Annastad
PO1468,GRN6300,ITEM264,2025-08-07,217,Michaelbury
PO1599,GRN5926,ITEM235,2025-08-08,79,Christopherton
PO1065,GRN1089,ITEM503,2025-08-15,91,Fosterchester
PO1445,GRN2816,ITEM577,2025-08-03,187,Bradleyberg
PO1649,GRN8377,ITEM583,2025-07-29,185,Lake Regina
PO1771,GRN3136,ITEM271,2025-08-08,162,Port Andreabury
PO1801,GRN2468,ITEM784,2025-08-06,155,Lake Rogerhaven
PO1687,GRN5867,ITEM458,2025-07-31,205,Matthewmouth
PO1782,GRN5194,ITEM658,2025-08-15,197,Luisshire
PO1437,GRN1820,ITEM126,2025-08-08,127,Lewisport
PO1400,GRN6426,ITEM687,2025-08-13,211,North Christopherview
PO1481,GRN9512,ITEM369,2025-08-06,86,Elizabethmouth
PO1659,GRN1314,ITEM270,2025-07-29,53,North Williambury
PO1650,GRN3073,ITEM312,2025-08-13,148,Whiteburgh
PO1037,GRN5550,ITEM909,2025-07-30,46,Angelaland
PO1006,GRN7083,ITEM618,2025-07-29,149,East Carmenville
PO1344,GRN4514,ITEM255,2025-08-14,122,Robinsonmouth
PO1607,GRN6378,ITEM467,2025-06-09,152,East Nathan
PO1750,GRN5239,ITEM443,2025-08-03,52,North Belinda
PO1156,GRN7664,ITEM437,2025-08-07,63,Morseborough
PO1566,GRN4065,ITEM611,2025-08-02,220,Wardville
PO1769,GRN7657,ITEM941,2025-08-05,178,Melissaland
PO1031,GRN2983,ITEM800,2025-07-30,91,North Jasminemouth
PO1090,GRN7599,ITEM755,2025-08-09,119,Seanchester
PO1237,GRN3732,ITEM690,2025-08-13,109,West Garyfort
PO1375,GRN8548,ITEM791,2025-08-01,150,West Madisonchester
PO1594,GRN8886,ITEM210,2025-08-03,39,Woodsmouth
PO1075,GRN9618,ITEM216,2025-08-01,99,Brianville
PO1574,GRN8881,ITEM902,2025-07-29,58,Stephanieview
PO1274,GRN3166,ITEM217,2025-07-28,71,North Kathryntown
PO1141,GRN6967,ITEM820,2025-08-11,182,Robinsonfurt
PO1115,GRN8659,ITEM752,2025-08-02,60,Bowentown
PO1450,GRN8216,ITEM102,2025-08-09,112,North Davidfort
PO1124,GRN6689,ITEM196,2025-08-11,133,Ericatown
PO1561,GRN7864,ITEM990,2025-08-07,125,Robinsonhaven
PO1219,GRN9132,ITEM145,2025-07-30,78,East Bernard
PO1671,GRN8147,ITEM430,2025-08-07,219,West Kristinmouth
PO1078,GRN6907,ITEM635,2025-08-15,203,Jensenview
PO1214,GRN7253,ITEM849,2025-08-01,92,New Jason
PO1685,GRN7164,ITEM211,2025-08-04,81,New Adam
PO1067,GRN4107,ITEM209,2025-08-13,38,Tinaberg
PO1016,GRN9301,ITEM545,2025-08-01,198,Medinatown
PO1493,GRN3777,ITEM597,2025-07-30,82,Mitchellport
PO1038,GRN5611,ITEM198,2025-07-29,34,Dennishaven
PO1313,GRN9854,ITEM529,2025-08-06,43,Prestonhaven
PO1382,GRN7749,ITEM132,2025-08-04,136,Waltersbury
PO1450,GRN5273,ITEM820,2025-08-13,171,Lake Michelleview
PO1225,GRN9879,ITEM563,2025-08-01,135,Carlamouth
PO1130,GRN3183,ITEM183,2025-08-04,174,Millerville
PO1800,GRN5708,ITEM317,2025-08-15,213,Lake Michael
PO1764,GRN1430,ITEM276,2025-08-04,75,Roblesberg
PO1383,GRN7213,ITEM982,2025-08-15,57,North Joshua
PO1311,GRN2128,ITEM316,2025-08-13,103,South Sergio
PO1610,GRN8058,ITEM204,2025-08-04,55,Bonillaville
PO1407,GRN8087,ITEM365,2025-08-03,185,Port Lauramouth
PO1666,GRN5384,ITEM293,2025-08-05,196,East Whitneyfort
PO1111,GRN1056,ITEM700,2025-08-09,62,Port Zachary
PO1668,GRN1800,ITEM400,2025-07-30,186,East Samantha
PO1738,GRN5366,ITEM441,2025-08-03,91,Bradleyton
PO1531,GRN3843,ITEM938,2025-08-02,75,North Amy
PO1127,GRN7242,ITEM910,2025-08-12,185,West Christopher
PO1092,GRN9179,ITEM860,2025-08-16,111,New Nicoleville
PO1446,GRN2785,ITEM804,2025-07-30,148,Walshborough
PO1585,GRN5113,ITEM287,2025-08-02,184,Joshuahaven
PO1559,GRN6833,ITEM899,2025-08-11,74,New Christopher
PO1328,GRN3661,ITEM832,2025-07-30,179,Bairdtown
PO1515,GRN2185,ITEM570,2025-08-06,149,West Patricktown
PO1393,GRN9862,ITEM603,2025-08-08,56,Lake Michael
PO1160,GRN8874,ITEM167,2025-08-07,65,North Alanstad
PO1326,GRN8594,ITEM218,2025-08-15,173,Coleburgh
PO1655,GRN3649,ITEM426,2025-08-02,37,East Douglas
PO1556,GRN4415,ITEM444,2025-08-08,127,Andersonland
PO1631,GRN2693,ITEM980,2025-08-15,163,South Brianside
PO1474,GRN2789,ITEM753,2025-08-13,95,Lake Michaeltown
PO1044,GRN2641,ITEM188,2025-07-31,119,Port Ryan
PO1007,GRN7208,ITEM125,2025-08-06,216,Michaeltown
PO1743,GRN2247,ITEM709,2025-08-01,177,Anthonyport
PO1718,GRN4628,ITEM868,2025-07-29,98,North Geoffrey
PO1731,GRN9669,ITEM928,2025-08-05,197,Myerschester
PO1345,GRN7342,ITEM442,2025-08-16,152,Timothytown
PO1385,GRN4052,ITEM171,2025-08-03,108,West Kylehaven
PO1779,GRN6774,ITEM796,2025-08-01,199,North Colin
PO1000,GRN1951,ITEM607,2025-06-29,66,West Jacquelinemouth
PO1795,GRN6425,ITEM942,2025-08-08,127,Daymouth
PO1156,GRN8230,ITEM840,2025-08-01,112,Turnerhaven
PO1207,GRN5214,ITEM904,2025-08-06,98,Waltershire
PO1788,GRN2642,ITEM241,2025-08-08,199,New Alicia
PO1608,GRN4139,ITEM707,2025-08-02,57,South Levi
PO1319,GRN6972,ITEM641,2025-08-12,33,Claytown
PO1296,GRN8128,ITEM715,2025-08-10,153,Port Aaron
PO1420,GRN1646,ITEM694,2025-08-02,133,Claytonhaven
PO1571,GRN4641,ITEM784,2025-08-04,214,North Jason
PO1524,GRN5873,ITEM810,2025-08-11,78,North Derek
PO1684,GRN9059,ITEM337,2025-08-11,56,West Stacey
PO1072,GRN9664,ITEM747,2025-08-06,130,Port Melissa
PO1793,GRN8336,ITEM983,2025-07-31,186,West Kathleenmouth
PO1314,GRN3058,ITEM663,2025-08-01,202,Natashastad
PO1646,GRN9574,ITEM968,2025-08-02,58,Port Chad
PO1288,GRN2865,ITEM867,2025-08-03,35,East Kyle
PO1259,GRN3150,ITEM926,2025-07-29,169,New Triciaport
PO1071,GRN8937,ITEM210,2025-08-08,137,Lake Jessicaland
PO1607,GRN8888,ITEM182,2025-07-31,62,Nicholsshire
PO1672,GRN8484,ITEM814,2025-08-14,187,Reneetown
PO1683,GRN9440,ITEM495,2025-07-28,178,Melissaberg
PO1314,GRN3627,ITEM211,2025-08-10,118,South Laurachester
PO1574,GRN5385,ITEM879,2025-08-03,172,West Stephaniefurt
PO1475,GRN9059,ITEM849,2025-08-11,41,South Danielleborough
PO1267,GRN2216,ITEM323,2025-08-09,92,West Patrickstad
PO1260,GRN3377,ITEM240,2025-07-30,131,West Kelly
PO1122,GRN8138,ITEM822,2025-08-03,193,Johnsonhaven
PO1050,GRN4215,ITEM108,2025-08-08,99,East Hannah
PO1196,GRN2124,ITEM470,2025-08-06,214,New Barbaraberg
PO1086,GRN6829,ITEM532,2025-08-03,69,East Brian
PO1645,GRN7469,ITEM794,2025-08-04,114,New Bradley
PO1423,GRN7152,ITEM868,2025-07-29,100,Martinezchester
PO1206,GRN9928,ITEM438,2025-07-29,208,Stevenstad
PO1319,GRN2600,ITEM339,2025-07-28,100,Stacyside
PO1525,GRN3974,ITEM769,2025-07-28,61,East Madeline
PO1496,GRN5831,ITEM803,2025-07-28,41,Bergertown
PO1661,GRN1060,ITEM639,2025-08-06,44,West Ashley
PO1178,GRN9631,ITEM339,2025-08-15,104,East Mitchell
PO1307,GRN8508,ITEM262,2025-07-29,86,Williamsfort
PO1436,GRN4414,ITEM356,2025-08-06,112,Lake Coreytown
PO1587,GRN2310,ITEM876,2025-08-05,149,East Tanyabury
PO1374,GRN1040,ITEM315,2025-07-31,171,Port Paulmouth
PO1724,GRN1962,ITEM296,2025-08-04,166,North Charlesville
PO1687,GRN4407,ITEM770,2025-08-14,46,Wolfborough
PO1362,GRN9854,ITEM106,2025-08-14,52,South Brandon
PO1149,GRN6435,ITEM886,2025-08-01,112,Lake Edwin
PO1271,GRN7030,ITEM479,2025-08-15,179,South Alexandrahaven
PO1749,GRN6407,ITEM885,2025-08-14,126,Michaelfort
PO1783,GRN2404,ITEM700,2025-08-08,181,New David
PO1431,GRN3256,ITEM770,2025-08-15,152,Port Michael
PO1718,GRN9234,ITEM282,2025-08-04,111,Edwardsville
PO1191,GRN1023,ITEM343,2025-07-29,108,Charlesland
PO1473,GRN7530,ITEM734,2025-07-29,176,Mcmahonton
PO1493,GRN4969,ITEM295,2025-08-07,161,North Maxside
PO1580,GRN4681,ITEM306,2025-08-16,126,Sandraport
PO1666,GRN3522,ITEM973,2025-08-12,128,West Thomastown
PO1384,GRN4555,ITEM522,2025-08-03,71,Greenstad
PO1237,GRN4022,ITEM441,2025-07-29,188,North Sarahfurt
PO1051,GRN5266,ITEM324,2025-08-16,155,Gregorystad
PO1314,GRN2489,ITEM304,2025-08-13,86,Lake Matthew
PO1602,GRN9514,ITEM259,2025-08-12,166,Andersonberg
PO1646,GRN8055,ITEM566,2025-08-01,39,East Rhonda
PO1593,GRN5531,ITEM114,2025-08-01,192,Calebmouth
PO1413,GRN8619,ITEM950,2025-08-07,190,West Thomasstad
PO1492,GRN5738,ITEM748,2025-08-11,198,South Jennifer
PO1795,GRN1939,ITEM776,2025-08-16,87,Port Stephanie
PO1643,GRN8874,ITEM805,2025-07-29,101,Kennethmouth
PO1705,GRN3264,ITEM235,2025-08-06,196,Kathrynfurt
PO1446,GRN9474,ITEM271,2025-08-09,135,Natashaport
PO1379,GRN4986,ITEM369,2025-08-08,179,Ernestburgh
PO1438,GRN1701,ITEM332,2025-08-04,95,Stevenburgh
PO1396,GRN6761,ITEM630,2025-07-30,175,South Tonya
PO1680,GRN9209,ITEM460,2025-08-09,193,Lake Davidmouth
PO1643,GRN4592,ITEM708,2025-08-14,97,South Ericaland
PO1533,GRN3599,ITEM571,2025-08-14,121,East Caleb
PO1420,GRN5247,ITEM797,2025-07-30,100,West Bradchester
PO1592,GRN8344,ITEM143,2025-07-29,69,Wardbury
PO1047,GRN1812,ITEM559,2025-08-01,100,Lake Jennifer
PO1262,GRN6549,ITEM539,2025-08-15,147,Port Keithchester
PO1745,GRN8885,ITEM912,2025-08-12,66,West Robin
PO1532,GRN9269,ITEM277,2025-08-04,212,Robinsonmouth
PO1710,GRN2204,ITEM701,2025-07-29,106,Scottville
PO1474,GRN5671,ITEM919,2025-08-07,103,Youngville
PO1147,GRN4262,ITEM575,2025-08-15,168,New Wesley
PO1573,GRN9501,ITEM144,2025-08-07,44,Audreyland
PO1290,GRN7023,ITEM428,2025-08-09,187,Lake Rickyfurt
PO1617,GRN2226,ITEM969,2025-08-09,58,Kellyfurt
PO1632,GRN9175,ITEM815,2025-08-12,31,Elliottborough
PO1149,GRN6388,ITEM590,2025-08-05,132,Port Bridget
PO1728,GRN1743,ITEM674,2025-07-30,131,North Georgeland
PO1742,GRN6616,ITEM891,2025-08-14,138,Port Fred
PO1197,GRN7209,ITEM758,2025-07-31,128,Frankton
PO1483,GRN8419,ITEM912,2025-08-11,107,Davidstad
PO1621,GRN4022,ITEM491,2025-08-01,142,South Steven
PO1155,GRN3218,ITEM203,2025-08-16,43,Justinchester
PO1100,GRN7439,ITEM470,2025-08-03,129,Longtown
PO1242,GRN8156,ITEM937,2025-08-07,133,North Timothy
PO1168,GRN1494,ITEM634,2025-08-13,197,Ryanview
PO1100,GRN1443,ITEM857,2025-08-03,212,South Darren
PO1537,GRN8372,ITEM252,2025-08-11,89,Robinside
PO1613,GRN7544,ITEM444,2025-08-11,123,Robertside
PO1649,GRN5186,ITEM257,2025-08-07,80,Port Victoriaberg
PO1335,GRN1804,ITEM142,2025-08-05,92,Christineberg
PO1107,GRN3971,ITEM552,2025-08-14,74,Merrittmouth
PO1282,GRN4620,ITEM492,2025-07-28,80,Youngland
PO1106,GRN5674,ITEM695,2025-08-05,101,Velazquezborough
PO1358,GRN1991,ITEM341,2025-07-30,79,New Ashleybury
PO1225,GRN8066,ITEM207,2025-07-31,211,Nancyland
PO1271,GRN9014,ITEM382,2025-08-02,144,Watersmouth
PO1488,GRN6250,ITEM301,2025-08-02,61,Dunnport
PO1283,GRN3504,ITEM431,2025-08-07,69,Port Michael
PO1641,GRN8291,ITEM606,2025-08-06,149,Jacksonland
PO1342,GRN9599,ITEM976,2025-08-15,45,Ryanburgh
PO1266,GRN3500,ITEM856,2025-08-06,102,Gonzalesshire
PO1028,GRN8403,ITEM169,2025-08-11,186,Victoriaport
PO1152,GRN4097,ITEM425,2025-08-12,199,Cohenborough
PO1387,GRN7615,ITEM834,2025-08-07,147,North Crystal
PO1064,GRN9074,ITEM483,2025-08-11,30,New John
PO1002,GRN6849,ITEM824,2025-07-31,112,Hughesville
PO1135,GRN5606,ITEM590,2025-07-28,118,Melodytown
PO1273,GRN6312,ITEM343,2025-07-29,189,Thomastown
PO1515,GRN3716,ITEM501,2025-08-07,46,Martinstad
PO1750,GRN5384,ITEM853,2025-08-11,80,West Steve
PO1059,GRN1069,ITEM102,2025-07-29,190,North Sarahfurt
PO1321,GRN5352,ITEM112,2025-07-30,191,Ibarraland
PO1788,GRN8408,ITEM415,2025-08-06,108,Nicholasbury
PO1401,GRN3916,ITEM826,2025-08-13,134,East Bryan
PO1438,GRN1143,ITEM349,2025-08-11,157,Lake Douglas
PO1748,GRN3419,ITEM646,2025-08-04,133,East Annetteside
PO1480,GRN1332,ITEM895,2025-08-04,206,East Kevin
PO1656,GRN4315,ITEM310,2025-08-06,142,North Paul
PO1359,GRN3199,ITEM616,2025-08-12,204,Adamsland
PO1110,GRN7349,ITEM433,2025-08-15,205,South Robert
PO1287,GRN9828,ITEM760,2025-08-09,47,Port Edwardland
PO1061,GRN9379,ITEM906,2025-08-10,220,Robertbury
PO1371,GRN4710,ITEM985,2025-08-09,189,Sierraport
PO1262,GRN7292,ITEM206,2025-08-16,147,Harrisonburgh
PO1647,GRN3161,ITEM591,2025-07-29,166,South Donnaburgh
PO1192,GRN2798,ITEM944,2025-08-04,192,Cynthiastad
PO1406,GRN7175,ITEM634,2025-08-10,179,Mccalltown
PO1392,GRN3877,ITEM944,2025-08-15,38,New Austin
PO1354,GRN3559,ITEM681,2025-08-10,200,Allenside
PO1571,GRN4360,ITEM690,2025-07-31,217,Kingshire
PO1686,GRN3456,ITEM823,2025-06-16,49,Edwardsburgh
PO1217,GRN8599,ITEM397,2025-08-01,60,Rebekahmouth
PO1807,GRN2584,ITEM244,2025-08-16,176,North Alexander
PO1176,GRN7053,ITEM354,2025-08-16,138,Anthonybury
PO1487,GRN2364,ITEM486,2025-07-29,143,Jamesside
PO1187,GRN1062,ITEM377,2025-08-03,177,West Alexandratown
PO1642,GRN2342,ITEM768,2025-08-04,196,Christopherbury
PO1604,GRN2133,ITEM538,2025-08-10,119,Averyburgh
PO1115,GRN4758,ITEM221,2025-07-31,107,New Tanya
PO1681,GRN8138,ITEM909,2025-08-12,182,Ochoatown
PO1273,GRN5603,ITEM889,2025-08-13,134,South Candace
PO1756,GRN3626,ITEM728,2025-07-29,122,East Angel
PO1246,GRN6379,ITEM674,2025-08-03,203,Valdezbury
PO1070,GRN5356,ITEM534,2025-08-11,124,Lake Oliviaburgh
PO1506,GRN6009,ITEM450,2025-08-03,32,Lake Sarahberg
PO1034,GRN1162,ITEM545,2025-08-07,115,Herbertview
PO1479,GRN2764,ITEM161,2025-07-30,48,Davidsonmouth
PO1005,GRN7293,ITEM329,2025-08-03,201,East Nicole
PO1076,GRN2788,ITEM510,2025-06-29,158,Williamsville
PO1455,GRN2086,ITEM361,2025-08-06,106,West Jennifer
PO1073,GRN9191,ITEM233,2025-08-07,161,East Ryan
PO1062,GRN1304,ITEM802,2025-08-06,39,Sandovalview
PO1803,GRN1454,ITEM115,2025-08-06,52,Stephaniefurt
PO1582,GRN7482,ITEM976,2025-08-08,205,New Cynthia
PO1188,GRN2715,ITEM235,2025-08-08,107,New Williamview
PO1119,GRN7006,ITEM382,2025-08-08,163,Sarahchester
PO1792,GRN7369,ITEM347,2025-08-08,128,South Johnathanland
PO1708,GRN6236,ITEM188,2025-07-30,147,Longside
PO1434,GRN6159,ITEM979,2025-08-15,109,Ashleyfurt
PO1744,GRN6624,ITEM379,2025-08-12,201,Dominiqueland
PO1199,GRN5235,ITEM760,2025-08-03,169,South Robert
PO1205,GRN6067,ITEM735,2025-07-30,218,Meyerstown
PO1251,GRN3031,ITEM825,2025-08-15,135,West Morganside
PO1623,GRN1156,ITEM925,2025-07-30,52,New Jacquelinefort
PO1525,GRN4577,ITEM480,2025-08-03,62,Lake Jenniferfort
PO1694,GRN7219,ITEM844,2025-08-14,172,Martinborough
PO1586,GRN1192,ITEM200,2025-08-01,53,Port Ryan
PO1317,GRN4475,ITEM248,2025-08-07,30,South Melissa
PO1202,GRN4627,ITEM615,2025-08-15,76,Dayview
PO1684,GRN1560,ITEM146,2025-08-03,116,Austinburgh
PO1045,GRN7614,ITEM253,2025-07-30,109,West Mary
PO1290,GRN9779,ITEM108,2025-08-16,99,Dariusville
PO1012,GRN5002,ITEM412,2025-07-29,107,West Ericaberg
PO1067,GRN9045,ITEM108,2025-08-16,186,Kleinfort
PO1569,GRN8349,ITEM174,2025-08-01,122,Lake Aliceborough
PO1807,GRN3158,ITEM708,2025-07-31,186,North Cherylview
PO1542,GRN1064,ITEM533,2025-07-28,122,Diazside
PO1388,GRN6313,ITEM441,2025-07-29,107,North Traci
PO1635,GRN6978,ITEM836,2025-08-02,71,Kristinaview
PO1371,GRN3148,ITEM243,2025-08-13,147,East Donna
PO1101,GRN8085,ITEM737,2025-08-12,95,Port Patricia
PO1000,GRN5542,ITEM169,2025-08-11,51,Frazierville
PO1512,GRN3908,ITEM492,2025-08-03,184,Palmerville
PO1323,GRN2080,ITEM345,2025-08-02,57,East Jessica
PO1802,GRN1581,ITEM851,2025-08-13,194,Garciaburgh
PO1757,GRN1936,ITEM697,2025-08-10,157,North Ashley
PO1576,GRN3514,ITEM558,2025-08-12,172,Holtshire
PO1419,GRN3286,ITEM349,2025-08-09,114,New Candiceside
PO1094,GRN7894,ITEM118,2025-07-31,213,North Markland
PO1443,GRN5030,ITEM564,2025-08-10,152,Melissamouth
PO1457,GRN9694,ITEM312,2025-08-08,91,New Sherryland
PO1485,GRN4765,ITEM996,2025-07-28,146,Rossfort
PO1055,GRN8522,ITEM782,2025-08-14,140,Williamsville
PO1159,GRN4725,ITEM848,2025-08-13,175,Samuelton
PO1124,GRN5623,ITEM511,2025-08-13,186,East Shelly
PO1065,GRN9571,ITEM197,2025-07-28,213,Deanstad
PO1559,GRN8627,ITEM729,2025-08-11,196,Beckport
PO1767,GRN7739,ITEM965,2025-08-11,148,Watsonborough
PO1762,GRN6444,ITEM764,2025-08-04,107,Brandyfort
PO1150,GRN9742,ITEM406,2025-07-30,67,Dawsonfort
PO1806,GRN2405,ITEM279,2025-07-28,128,East Manuel
PO1446,GRN1945,ITEM573,2025-08-01,102,Port Sarahchester
PO1240,GRN2573,ITEM803,2025-07-28,41,North Bruceside
PO1114,GRN7939,ITEM772,2025-08-07,98,Delgadoberg
PO1026,GRN4709,ITEM885,2025-07-30,72,Rollinsbury
PO1459,GRN9169,ITEM434,2025-07-31,124,Lake Michaeltown
PO1668,GRN9197,ITEM126,2025-08-12,93,South Julie
PO1660,GRN1839,ITEM896,2025-08-05,179,Port Mistymouth
PO1169,GRN3150,ITEM202,2025-08-07,78,Brownmouth
PO1768,GRN6636,ITEM312,2025-08-01,37,Perezmouth
PO1652,GRN6088,ITEM270,2025-08-14,188,Pattersonland
PO1431,GRN6822,ITEM600,2025-08-03,212,West Cherylton
PO1299,GRN2131,ITEM169,2025-08-11,43,North Valerieborough
PO1749,GRN8140,ITEM382,2025-08-13,51,East Tracy
PO1646,GRN6693,ITEM430,2025-08-02,37,Kyliemouth
PO1807,GRN6171,ITEM500,2025-08-11,208,North Dylan
PO1807,GRN3895,ITEM734,2025-08-05,125,Monroeville
PO1219,GRN8277,ITEM119,2025-08-03,212,East Marvinchester
PO1769,GRN3288,ITEM779,2025-08-13,56,Port Richard
PO1407,GRN5501,ITEM479,2025-08-12,195,Wilsonfurt
PO1371,GRN2051,ITEM857,2025-08-09,101,North Michaelfort
PO1294,GRN7534,ITEM701,2025-08-05,211,South Heather
PO1579,GRN3205,ITEM575,2025-08-12,31,Laurenfurt
PO1035,GRN4130,ITEM886,2025-08-04,91,Lake Michael
PO1253,GRN3731,ITEM993,2025-08-06,86,Boylefurt
PO1032,GRN9720,ITEM567,2025-07-29,176,North Joseland
PO1032,GRN9321,ITEM476,2025-08-02,164,Shannonton
PO1743,GRN6690,ITEM430,2025-08-16,180,East Benjaminland
PO1734,GRN5464,ITEM935,2025-08-03,210,Brockview
PO1654,GRN3419,ITEM147,2025-08-05,191,North Rebeccafort
PO1363,GRN1139,ITEM831,2025-07-30,199,New Dominiqueport
PO1760,GRN4387,ITEM856,2025-07-31,169,Port Josephbury
PO1346,GRN5034,ITEM625,2025-08-16,125,Robertland
PO1789,GRN4446,ITEM866,2025-07-31,107,East Louis
PO1233,GRN5006,ITEM423,2025-08-15,175,Port Renee
PO1191,GRN4993,ITEM916,2025-07-29,70,Yangland
PO1521,GRN4470,ITEM232,2025-08-10,147,Stevenborough
PO1287,GRN9048,ITEM297,2025-08-10,140,Boydland
PO1508,GRN7284,ITEM153,2025-08-05,64,Lake Summerborough
PO1227,GRN4065,ITEM892,2025-08-15,138,South Alexander
PO1613,GRN3442,ITEM511,2025-08-05,118,South Elizabethtown
PO1636,GRN8593,ITEM777,2025-08-06,171,Franciscostad
PO1335,GRN5677,ITEM775,2025-08-10,197,West Jason
PO1416,GRN8870,ITEM350,2025-08-07,172,South Julie
PO1807,GRN8360,ITEM596,2025-08-04,68,Annachester
PO1007,GRN1399,ITEM867,2025-08-02,73,West Shawn
PO1216,GRN5673,ITEM200,2025-08-06,73,Tiffanystad
PO1731,GRN8669,ITEM619,2025-07-31,167,New James
PO1060,GRN5274,ITEM181,2025-07-30,214,Lake Jimmy
PO1025,GRN2184,ITEM603,2025-08-06,110,Rodriguezside
PO1119,GRN4047,ITEM419,2025-08-10,37,Christineshire
PO1407,GRN3701,ITEM363,2025-08-13,123,West Gregorystad
PO1655,GRN7524,ITEM709,2025-08-13,72,Jasonville
PO1347,GRN6748,ITEM924,2025-07-31,87,Rodriguezfurt
PO1661,GRN2600,ITEM381,2025-08-15,155,Averyshire
PO1561,GRN1308,ITEM823,2025-08-16,69,South Donald
PO1358,GRN1247,ITEM956,2025-07-30,109,Brandontown
PO1724,GRN7870,ITEM676,2025-07-31,56,Patrickburgh
PO1170,GRN5349,ITEM719,2025-08-03,163,Port Aaron
PO1049,GRN6620,ITEM850,2025-07-29,59,New Andreahaven
PO1538,GRN8889,ITEM367,2025-08-12,46,Cunninghambury
PO1638,GRN3126,ITEM205,2025-08-09,144,Donaldside
PO1056,GRN4137,ITEM297,2025-08-02,142,East Stephaniefurt
PO1171,GRN2287,ITEM423,2025-07-30,66,Lake Kevinstad
PO1553,GRN1298,ITEM389,2025-07-29,128,Hopkinsburgh
PO1344,GRN5608,ITEM280,2025-08-10,81,Port Michaelbury
PO1763,GRN9973,ITEM611,2025-08-15,131,Clarkmouth
PO1358,GRN3343,ITEM325,2025-08-14,113,Devinborough
PO1769,GRN7465,ITEM454,2025-08-09,109,Ericaville
PO1003,GRN5798,ITEM626,2025-08-11,123,East Stacy
PO1429,GRN5915,ITEM503,2025-08-16,92,Hartshire
PO1631,GRN8040,ITEM511,2025-08-06,136,Steeleburgh
PO1172,GRN8064,ITEM896,2025-08-10,126,Garciaview
PO1486,GRN7394,ITEM254,2025-08-09,87,New Tylerside
PO1121,GRN6420,ITEM933,2025-08-11,139,West Staceyville
PO1508,GRN4057,ITEM135,2025-07-31,168,North Lindsey
PO1190,GRN3576,ITEM479,2025-08-03,82,Wareton
PO1550,GRN8708,ITEM127,2025-07-29,82,Port William
PO1182,GRN7027,ITEM726,2025-08-06,144,Teresamouth
PO1040,GRN3258,ITEM645,2025-08-04,127,Wilsonview
PO1466,GRN8637,ITEM995,2025-08-10,51,South Dawnland
PO1176,GRN6380,ITEM830,2025-08-05,50,Schroederbury
PO1266,GRN9064,ITEM991,2025-08-14,67,Lake Melissa
PO1686,GRN3998,ITEM724,2025-08-14,123,Kempfurt
PO1780,GRN8964,ITEM233,2025-08-08,125,Port Kristinfurt
PO1502,GRN1173,ITEM260,2025-08-02,42,Lake Nathaniel
PO1183,GRN2768,ITEM245,2025-08-04,197,North Charles
PO1377,GRN7304,ITEM847,2025-08-03,168,South Trevorstad
PO1529,GRN8206,ITEM740,2025-08-01,57,Melissatown
PO1076,GRN9052,ITEM549,2025-08-04,190,West Aprilbury
PO1382,GRN3699,ITEM887,2025-08-16,148,Michaelfort
PO1075,GRN2441,ITEM810,2025-08-01,138,Hartborough
PO1668,GRN2202,ITEM562,2025-08-11,52,South Holly
PO1600,GRN7539,ITEM690,2025-08-14,97,East Marialand
PO1298,GRN4815,ITEM605,2025-08-07,177,New Kyle
PO1258,GRN7338,ITEM703,2025-07-30,152,West Cindy
PO1080,GRN7709,ITEM167,2025-08-04,150,Jeffreyborough
PO1676,GRN3950,ITEM703,2025-08-09,120,Port Stephanie
PO1192,GRN1891,ITEM995,2025-08-10,148,Coxland
PO1495,GRN8843,ITEM932,2025-08-13,200,Lake Sara
PO1278,GRN1463,ITEM574,2025-08-12,93,West Joshuamouth
PO1775,GRN2247,ITEM147,2025-07-28,205,Nicholasmouth
PO1730,GRN1867,ITEM958,2025-08-09,171,Mathewsport
PO1052,GRN6612,ITEM999,2025-08-04,151,South Meganborough
PO1043,GRN6127,ITEM925,2025-08-08,144,Dianeburgh
PO1180,GRN5462,ITEM437,2025-08-06,84,South Denise
PO1169,GRN6034,ITEM952,2025-08-05,132,Meganchester
PO1732,GRN6908,ITEM799,2025-08-14,134,Guzmanstad
PO1290,GRN4848,ITEM769,2025-08-07,96,Port Felicia
PO1497,GRN8741,ITEM940,2025-08-10,217,Lake Elizabethstad
PO1180,GRN6788,ITEM688,2025-07-31,47,North Amy
PO1598,GRN6472,ITEM315,2025-08-10,34,South Sheilaberg
PO1421,GRN1708,ITEM655,2025-07-28,65,Johnsonbury
PO1156,GRN3205,ITEM240,2025-08-08,58,Lake Tinastad
PO1787,GRN8887,ITEM259,2025-08-07,212,Lake Diana
PO1590,GRN2979,ITEM508,2025-08-06,218,Scottland
PO1338,GRN9527,ITEM123,2025-08-07,162,Port James
PO1187,GRN6487,ITEM711,2025-08-02,196,Lake Ralph
PO1196,GRN6108,ITEM296,2025-08-06,112,New Ashleyshire
PO1404,GRN9160,ITEM498,2025-07-30,153,South Drewberg
PO1289,GRN1627,ITEM149,2025-08-16,92,New Zachary
PO1431,GRN4263,ITEM210,2025-08-03,163,Kingbury
PO1390,GRN6050,ITEM292,2025-08-08,144,North Jack
PO1142,GRN4828,ITEM390,2025-07-30,49,Amybury
PO1210,GRN5061,ITEM682,2025-08-03,157,Jenniferton
PO1035,GRN2969,ITEM788,2025-07-30,123,East Stephanie
PO1054,GRN3783,ITEM397,2025-08-07,219,North Jermaineport
PO1369,GRN1411,ITEM312,2025-08-09,188,Jesseport
PO1504,GRN2172,ITEM714,2025-08-07,58,West Jasonton
PO1680,GRN2141,ITEM367,2025-08-11,118,Mooreville
PO1780,GRN5208,ITEM882,2025-08-16,70,North Nicole
PO1756,GRN1880,ITEM514,2025-08-06,60,Andersonhaven
PO1604,GRN3785,ITEM202,2025-08-02,204,East Joseph
PO1272,GRN4933,ITEM117,2025-08-06,201,West Tonyastad
PO1016,GRN5968,ITEM131,2025-08-08,171,Levineville
PO1468,GRN4787,ITEM170,2025-08-03,189,Riveraview
PO1226,GRN4720,ITEM309,2025-07-28,40,West Jeffreyborough
PO1117,GRN9772,ITEM532,2025-08-09,66,Rayland
PO1103,GRN1465,ITEM541,2025-08-07,111,Traceyland
PO1451,GRN3245,ITEM638,2025-08-05,57,North Kristin
PO1375,GRN2990,ITEM682,2025-08-12,166,Timothyside
PO1751,GRN6737,ITEM677,2025-08-03,34,West Courtney
PO1265,GRN8646,ITEM887,2025-08-02,95,Scotthaven
PO1673,GRN1047,ITEM170,2025-07-29,215,Jamesfurt
PO1130,GRN6286,ITEM345,2025-07-29,152,Yolandachester
PO1606,GRN7325,ITEM184,2025-08-06,187,Michaelmouth
PO1461,GRN7923,ITEM366,2025-08-01,182,Johnbury
PO1154,GRN7091,ITEM371,2025-08-11,54,Butlerstad
PO1557,GRN1345,ITEM542,2025-08-05,220,Lake Kaylachester
PO1722,GRN3126,ITEM106,2025-08-12,180,South Deanna
PO1333,GRN2990,ITEM185,2025-08-06,123,North Robinside
PO1499,GRN4154,ITEM324,2025-07-29,114,New Monicaton
PO1017,GRN4050,ITEM661,2025-07-28,43,Vincentchester
PO1329,GRN1321,ITEM943,2025-08-09,46,Crystalton
PO1397,GRN9270,ITEM376,2025-08-16,189,Georgebury
PO1535,GRN9112,ITEM552,2025-08-02,190,East Lisa
PO1395,GRN5705,ITEM389,2025-08-06,70,Ruizshire
PO1080,GRN8707,ITEM833,2025-08-12,99,South Johnny
PO1743,GRN8751,ITEM277,2025-08-11,112,Zacharyside
PO1033,GRN3434,ITEM536,2025-08-12,167,Sabrinachester
PO1566,GRN4599,ITEM621,2025-08-15,106,Lake Melanie
PO1245,GRN3137,ITEM950,2025-08-03,218,East Joshuaview
PO1509,GRN5533,ITEM951,2025-08-13,160,Smithville
PO1659,GRN3431,ITEM211,2025-08-02,195,North Robert
PO1053,GRN1650,ITEM643,2025-08-16,53,North Danielport
PO1576,GRN1427,ITEM508,2025-08-06,217,Simonville
PO1554,GRN2140,ITEM915,2025-08-02,31,North Teresa
PO1271,GRN1873,ITEM751,2025-08-14,142,Patrickside
PO1232,GRN4882,ITEM674,2025-08-09,94,Port Lisa
PO1561,GRN3521,ITEM392,2025-08-15,194,New Ricky
PO1426,GRN1221,ITEM931,2025-07-28,139,Morrisfort
PO1791,GRN9884,ITEM833,2025-08-14,56,Lawrencemouth
PO1631,GRN7634,ITEM843,2025-08-01,51,South Pennystad
PO1210,GRN4258,ITEM733,2025-08-06,141,Nicoleland
PO1044,GRN6708,ITEM601,2025-08-13,216,South Meganmouth
PO1805,GRN6778,ITEM446,2025-08-01,209,Josemouth
PO1368,GRN7116,ITEM359,2025-08-15,206,East Wendytown
PO1493,GRN9321,ITEM970,2025-07-30,119,West Katherinestad
PO1222,GRN3134,ITEM665,2025-08-16,35,North Linda
PO1725,GRN2265,ITEM541,2025-08-06,100,Crawfordborough
PO1176,GRN3554,ITEM586,2025-08-02,121,South Ronnieland
PO1494,GRN2687,ITEM525,2025-08-03,174,Lake Katietown
PO1399,GRN6545,ITEM729,2025-08-11,30,Lake Erin
PO1601,GRN6387,ITEM846,2025-07-30,70,Snydertown
PO1175,GRN7189,ITEM903,2025-08-13,108,Port Seth
PO1001,GRN6904,ITEM582,2025-08-13,51,Laurenborough
PO1617,GRN7714,ITEM539,2025-08-02,124,Port Douglas
PO1690,GRN7435,ITEM546,2025-07-30,57,New Robertberg
PO1271,GRN3379,ITEM559,2025-08-13,77,West Christina
PO1046,GRN7908,ITEM848,2025-08-08,147,Nelsonmouth
PO1567,GRN5553,ITEM322,2025-08-15,220,Port Duaneside
PO1183,GRN9591,ITEM601,2025-08-01,93,Lopezchester
PO1406,GRN9973,ITEM670,2025-08-02,197,Grantview
PO1504,GRN6428,ITEM499,2025-07-31,74,South Shaun
PO1689,GRN7733,ITEM814,2025-08-08,59,Ramirezville
PO1710,GRN7174,ITEM173,2025-08-04,174,East Michaelburgh
PO1619,GRN8964,ITEM680,2025-07-29,43,Port Robin
PO1429,GRN6031,ITEM716,2025-08-16,170,Ortizview
PO1265,GRN8776,ITEM203,2025-08-15,208,Cassandraton
PO1664,GRN4110,ITEM638,2025-08-13,147,Garcialand
PO1330,GRN3893,ITEM816,2025-08-14,192,North Johnhaven
PO1799,GRN7421,ITEM101,2025-08-01,54,Robertbury
PO1119,GRN3032,ITEM367,2025-08-06,217,Jonathanchester
PO1031,GRN3278,ITEM497,2025-08-10,118,Brianmouth
PO1569,GRN7831,ITEM431,2025-07-29,37,Schultzland
PO1489,GRN5504,ITEM378,2025-08-09,114,Allenton
PO1781,GRN5788,ITEM494,2025-08-11,213,Christinaville
PO1155,GRN7154,ITEM872,2025-08-10,145,Lake Sara
PO1344,GRN8901,ITEM837,2025-08-09,106,South Jeffrey
PO1567,GRN1595,ITEM824,2025-08-15,170,New Mark
PO1022,GRN6048,ITEM696,2025-08-04,101,Port Robertland
PO1355,GRN5160,ITEM875,2025-08-06,218,Lake Kelly
PO1765,GRN2076,ITEM172,2025-08-05,58,Lake Edgartown
PO1514,GRN9668,ITEM612,2025-07-28,146,Coreyburgh
PO1194,GRN6444,ITEM259,2025-08-12,64,West Michaelshire
PO1149,GRN8572,ITEM528,2025-08-10,142,Mossside
PO1433,GRN8417,ITEM946,2025-08-12,176,North Trevor
PO1789,GRN3914,ITEM950,2025-08-01,218,Amandabury
PO1282,GRN4016,ITEM257,2025-08-10,75,Port Tiffanyville
PO1309,GRN8117,ITEM391,2025-07-31,143,Kelseytown
PO1104,GRN1767,ITEM768,2025-07-31,178,New Sarahbury
PO1080,GRN3408,ITEM810,2025-07-29,73,Bonnieland
PO1245,GRN8708,ITEM381,2025-08-06,61,Port Valeriemouth
PO1342,GRN7104,ITEM414,2025-08-15,94,Morenoport
PO1776,GRN9550,ITEM673,2025-08-10,140,Sarahmouth
PO1591,GRN5340,ITEM318,2025-08-13,134,South Brittney
PO1782,GRN9498,ITEM415,2025-08-14,125,Longfort
PO1669,GRN1327,ITEM802,2025-07-31,198,North Sarah
PO1319,GRN6252,ITEM338,2025-08-02,55,Lake Chelseafurt
PO1151,GRN5814,ITEM689,2025-08-05,88,Port Veronica
PO1557,GRN1359,ITEM314,2025-08-12,159,North Amandaside
PO1759,GRN8049,ITEM345,2025-08-01,190,Farrellberg
PO1786,GRN7702,ITEM725,2025-08-15,203,West Deborahview
PO1282,GRN7444,ITEM745,2025-08-04,159,South Michaelberg
PO1598,GRN8088,ITEM119,2025-08-11,164,Petersonstad
PO1376,GRN5437,ITEM727,2025-08-01,188,Banksport
PO1409,GRN7609,ITEM465,2025-08-03,150,South Ronald
PO1037,GRN1578,ITEM713,2025-08-09,135,Villarrealland
PO1063,GRN2477,ITEM370,2025-08-07,133,New Cynthia
PO1347,GRN3715,ITEM218,2025-07-29,216,Lake Margaret
PO1639,GRN3306,ITEM797,2025-07-31,175,North Robertstad
PO1695,GRN4684,ITEM194,2025-08-14,173,North Sarashire
PO1035,GRN4979,ITEM914,2025-08-04,81,New Garyborough
PO1429,GRN7073,ITEM969,2025-08-10,62,West Victoriachester
PO1358,GRN1584,ITEM430,2025-07-28,155,Port Krystal
PO1564,GRN3872,ITEM503,2025-08-09,55,Nicoleland
PO1647,GRN5166,ITEM305,2025-08-10,92,West Destiny
PO1425,GRN3841,ITEM107,2025-08-06,145,Davisville
PO1174,GRN4911,ITEM176,2025-07-28,151,West Denisehaven
PO1791,GRN8627,ITEM129,2025-07-28,51,South John
PO1240,GRN5272,ITEM561,2025-08-12,99,Katherineport
PO1002,GRN5262,ITEM435,2025-08-10,127,North Lisa
PO1658,GRN4437,ITEM427,2025-07-30,157,Johnport
PO1476,GRN8183,ITEM216,2025-08-16,103,Graymouth
PO1593,GRN7588,ITEM211,2025-08-16,135,Port Xavierfort
PO1618,GRN5498,ITEM922,2025-08-14,104,South Donald
PO1519,GRN7407,ITEM951,2025-08-12,197,Gomezview
PO1104,GRN3703,ITEM613,2025-08-07,96,Meyershaven
PO1047,GRN4536,ITEM159,2025-07-28,86,North Robertchester
PO1090,GRN8613,ITEM293,2025-08-12,74,Christopherland
PO1637,GRN8170,ITEM994,2025-08-13,145,New Marissa
PO1211,GRN5181,ITEM990,2025-08-09,78,Wilsonberg
PO1781,GRN3663,ITEM961,2025-08-11,51,Emilyview
PO1335,GRN1431,ITEM530,2025-08-12,129,Amandaside
PO1062,GRN2397,ITEM615,2025-08-09,103,East Jennifer
PO1352,GRN8769,ITEM432,2025-08-10,195,Alexanderton
PO1403,GRN8583,ITEM998,2025-08-10,101,Salaston
PO1062,GRN6654,ITEM851,2025-08-09,64,Harrischester
PO1236,GRN5532,ITEM722,2025-08-14,147,Mosleyburgh
PO1348,GRN1498,ITEM793,2025-08-04,107,North Robertafurt
PO1596,GRN1562,ITEM681,2025-08-05,32,West Jillland
PO1352,GRN5848,ITEM555,2025-08-12,48,Allisonhaven
PO1360,GRN6000,ITEM564,2025-08-03,129,Lisaport
PO1540,GRN1160,ITEM558,2025-07-28,62,Kimberlystad
PO1714,GRN1222,ITEM267,2025-08-13,77,Port Devon
PO1067,GRN8635,ITEM992,2025-08-09,165,Yuborough
PO1693,GRN6577,ITEM233,2025-08-01,106,Patriciamouth
PO1457,GRN5947,ITEM324,2025-08-08,42,Victorhaven
PO1044,GRN9383,ITEM742,2025-08-02,134,Thomasfort
PO1776,GRN3103,ITEM449,2025-08-08,62,North Shannon
PO1132,GRN9880,ITEM754,2025-07-31,109,West Heather
PO1231,GRN7490,ITEM310,2025-08-03,129,West Lindseybury
PO1490,GRN7094,ITEM980,2025-08-16,117,East Richardfort
PO1326,GRN8402,ITEM790,2025-08-02,131,New Jamesberg
PO1636,GRN6302,ITEM485,2025-08-07,75,South Cassandra
PO1376,GRN2672,ITEM890,2025-07-28,181,Wilsonport
PO1004,GRN5688,ITEM486,2025-08-14,213,New Anthonyport
PO1221,GRN2166,ITEM846,2025-08-03,66,Davidmouth
PO1478,GRN4185,ITEM328,2025-08-07,145,East Michelle
PO1007,GRN2088,ITEM810,2025-08-05,150,Shawnburgh
PO1638,GRN9889,ITEM623,2025-08-05,55,Masseyburgh
PO1722,GRN1000,ITEM327,2025-08-01,67,Pattersonland
PO1413,GRN2596,ITEM664,2025-08-03,144,New Alyssa
PO1312,GRN8953,ITEM234,2025-08-10,156,Port Emily
PO1533,GRN9104,ITEM404,2025-08-07,113,Frankville
PO1044,GRN8549,ITEM980,2025-08-04,65,Matthewsfort
PO1428,GRN5411,ITEM277,2025-08-11,208,East Anaview
PO1678,GRN5353,ITEM168,2025-08-05,70,West Donald
PO1293,GRN4426,ITEM699,2025-08-07,140,New Katherine
PO1703,GRN8528,ITEM883,2025-08-13,53,Knappberg
PO1646,GRN6773,ITEM303,2025-08-07,76,Amandaberg
PO1499,GRN5818,ITEM490,2025-08-09,59,Jillton
PO1672,GRN1204,ITEM440,2025-08-08,39,West April
PO1157,GRN2905,ITEM376,2025-08-13,159,Lake Marietown
PO1029,GRN3107,ITEM615,2025-07-29,211,South Kyleburgh
PO1321,GRN2299,ITEM608,2025-07-30,66,Walkertown
PO1386,GRN6056,ITEM951,2025-07-31,89,Lake Robertfurt
PO1202,GRN1952,ITEM863,2025-08-10,68,Maxborough
PO1394,GRN6898,ITEM640,2025-07-30,35,Lake Robert
PO1454,GRN5605,ITEM898,2025-08-03,127,Shellyview
PO1344,GRN3322,ITEM609,2025-08-04,200,Lake Kristen
PO1312,GRN1474,ITEM908,2025-08-02,157,Westton
PO1273,GRN6935,ITEM130,2025-07-28,189,Erinborough
PO1316,GRN7638,ITEM540,2025-07-31,71,Davisbury
PO1297,GRN4667,ITEM488,2025-08-10,90,Fisherville
PO1128,GRN5239,ITEM603,2025-08-08,108,Collinsmouth
PO1392,GRN8818,ITEM199,2025-08-12,162,Lake Douglas
PO1155,GRN3370,ITEM969,2025-08-07,166,Lake Rachel
PO1467,GRN8616,ITEM130,2025-08-08,180,Ashleyport
PO1142,GRN9655,ITEM774,2025-07-29,149,North Timothytown
PO1565,GRN5610,ITEM417,2025-08-10,166,Bradville
PO1360,GRN6507,ITEM528,2025-08-12,197,Port Michaelburgh
PO1660,GRN3450,ITEM753,2025-07-30,78,Port Brandon
PO1628,GRN8419,ITEM174,2025-08-13,112,Mcgeeland
PO1778,GRN6202,ITEM536,2025-08-05,137,Meganville
PO1456,GRN2657,ITEM975,2025-08-03,137,Lopezton
PO1046,GRN5731,ITEM320,2025-08-04,42,South Donna
PO1727,GRN7596,ITEM192,2025-08-07,84,Herreraview
PO1217,GRN5243,ITEM245,2025-08-05,137,Joelhaven
PO1470,GRN8189,ITEM188,2025-08-12,206,Jessicaland
PO1476,GRN2502,ITEM685,2025-08-13,32,Carlosfort
PO1239,GRN4559,ITEM391,2025-07-30,205,New Jamesbury
PO1561,GRN2457,ITEM661,2025-08-13,141,North Davidton
PO1160,GRN9566,ITEM433,2025-08-15,183,Mossland
PO1401,GRN6976,ITEM471,2025-07-31,207,Nicholasberg
PO1225,GRN5468,ITEM912,2025-08-15,33,New Lisafort
PO1243,GRN5906,ITEM335,2025-07-31,123,Port Connie
PO1332,GRN8494,ITEM907,2025-08-01,168,Katelynstad
PO1339,GRN4338,ITEM107,2025-08-09,145,Susanmouth
PO1481,GRN6390,ITEM343,2025-08-01,160,East Candace
PO1670,GRN8036,ITEM202,2025-08-11,99,Collinsberg
PO1759,GRN9411,ITEM818,2025-08-08,206,South Gerald
PO1197,GRN9916,ITEM111,2025-08-05,122,Port Brianstad
PO1475,GRN7007,ITEM886,2025-08-01,166,North Jacob
PO1793,GRN4629,ITEM310,2025-07-31,155,New Matthewhaven
PO1241,GRN6574,ITEM657,2025-07-30,211,Rachaelport
PO1205,GRN6924,ITEM886,2025-08-11,125,West Joseph
PO1607,GRN5109,ITEM519,2025-08-15,89,South Stephanieton
PO1194,GRN8624,ITEM656,2025-07-29,168,West Frank
PO1490,GRN5119,ITEM225,2025-08-01,190,New Luis
PO1109,GRN1403,ITEM643,2025-08-14,147,Jillchester
PO1717,GRN9459,ITEM129,2025-07-30,119,Karenborough
PO1540,GRN6307,ITEM280,2025-08-11,210,Juliemouth
PO1084,GRN3343,ITEM895,2025-07-28,194,East Randallton
PO1292,GRN3214,ITEM383,2025-07-30,199,South Christina
PO1255,GRN4087,ITEM230,2025-08-08,176,New Melissaburgh
PO1231,GRN2816,ITEM962,2025-07-30,47,North Jennifer
PO1771,GRN1142,ITEM565,2025-07-30,92,West Teresaland
PO1075,GRN4499,ITEM258,2025-08-15,89,Herreramouth
PO1022,GRN6497,ITEM739,2025-08-08,136,Brightport
PO1425,GRN5089,ITEM987,2025-08-14,144,South Matthewton
PO1072,GRN8579,ITEM144,2025-07-29,73,Brownhaven
PO1069,GRN5147,ITEM485,2025-08-06,160,South Gregoryfort
PO1344,GRN9111,ITEM207,2025-08-07,124,North Shawnberg
PO1327,GRN5614,ITEM801,2025-05-24,56,Port Benjamin
PO1137,GRN9588,ITEM672,2025-08-10,207,Torrestown
PO1096,GRN3268,ITEM485,2025-08-10,147,Kirkmouth
PO1097,GRN7686,ITEM772,2025-08-12,125,East James
PO1490,GRN2076,ITEM726,2025-08-09,219,Amyport
PO1167,GRN8636,ITEM491,2025-08-06,171,Mcdonaldfort
PO1660,GRN1374,ITEM632,2025-08-10,195,Cathyfort
PO1069,GRN2328,ITEM751,2025-08-07,125,Lake Yeseniaville
PO1222,GRN7012,ITEM940,2025-08-10,163,South Cynthia
PO1630,GRN9290,ITEM220,2025-08-05,127,South Rachelchester
PO1205,GRN8320,ITEM972,2025-08-07,53,New Kyle
PO1617,GRN1825,ITEM174,2025-08-11,158,New Kellyhaven
PO1215,GRN1104,ITEM564,2025-08-05,52,Lake Andrewville
PO1758,GRN1997,ITEM955,2025-08-12,73,Port John
PO1708,GRN2071,ITEM845,2025-07-29,64,Alvarezton
PO1496,GRN5959,ITEM140,2025-08-01,130,West Henryfort
PO1061,GRN7044,ITEM232,2025-08-09,107,Hillhaven
PO1437,GRN9803,ITEM740,2025-08-10,73,North Todd
PO1341,GRN4577,ITEM267,2025-08-06,81,Schroederfort
PO1764,GRN9104,ITEM984,2025-08-10,40,Lake Deanna
PO1064,GRN4680,ITEM847,2025-07-31,32,West Clarencebury
PO1681,GRN7859,ITEM687,2025-08-12,191,Ericview
PO1203,GRN3593,ITEM122,2025-08-05,122,Michaelmouth
PO1471,GRN7194,ITEM528,2025-08-16,124,Lewisville
PO1113,GRN4992,ITEM459,2025-08-06,126,South Vanessa
PO1299,GRN9831,ITEM452,2025-08-16,40,Ambermouth
PO1779,GRN5646,ITEM520,2025-08-04,211,East Andrea
PO1114,GRN8726,ITEM417,2025-08-07,115,West Melissa
PO1351,GRN8515,ITEM118,2025-08-03,58,Matthewstad
PO1034,GRN5257,ITEM606,2025-08-15,102,Donaldton
PO1384,GRN8137,ITEM648,2025-08-14,207,Hallside
PO1528,GRN3261,ITEM797,2025-08-02,79,Lake Ruben
PO1319,GRN4811,ITEM815,2025-08-11,122,Christopherfort
PO1586,GRN8349,ITEM111,2025-08-12,164,Carrside
